credit_amount,checking_status,age,duration,purpose,credit_history,employment,savings_status,property_magnitude,residence_since,installment_commitment,personal_status,job,other_payment_plans,housing,existing_credits,class
1169.0,1,67.0,6.0,6,1,4,0,3,4.0,4.0,3,1,1,1,2.0,1
5951.0,2,22.0,48.0,6,3,2,1,3,2.0,2.0,0,1,1,1,1.0,0
2096.0,0,49.0,12.0,2,1,3,1,3,3.0,2.0,3,3,1,1,1.0,1
7882.0,1,45.0,42.0,3,3,3,1,1,4.0,2.0,3,1,1,0,1.0,1
4870.0,1,53.0,24.0,4,2,2,1,2,4.0,3.0,3,1,1,0,2.0,0
9055.0,0,35.0,36.0,2,3,2,0,2,4.0,2.0,3,3,1,0,1.0,1
2835.0,0,53.0,24.0,3,3,4,3,1,4.0,3.0,3,1,1,1,1.0,1
6948.0,2,35.0,36.0,9,3,2,1,0,2.0,2.0,3,0,1,2,1.0,1
3059.0,0,61.0,12.0,6,3,3,4,3,4.0,2.0,1,3,1,1,1.0,1
5234.0,2,28.0,30.0,4,1,0,1,0,2.0,4.0,2,0,1,1,2.0,0
1295.0,2,25.0,12.0,4,3,1,1,0,1.0,3.0,0,1,1,2,1.0,0
4308.0,1,24.0,48.0,0,3,1,1,1,4.0,3.0,0,1,1,2,1.0,0
1567.0,2,22.0,12.0,6,3,2,1,0,1.0,1.0,0,1,1,1,1.0,1
1199.0,1,60.0,24.0,4,1,4,1,0,4.0,4.0,3,3,1,1,2.0,0
1403.0,1,28.0,15.0,4,3,2,1,0,4.0,2.0,0,1,1,2,1.0,1
1282.0,1,32.0,24.0,6,3,2,2,0,2.0,4.0,0,3,1,1,1.0,0
2424.0,0,53.0,24.0,6,1,4,0,1,4.0,4.0,3,1,1,1,2.0,1
8072.0,1,25.0,30.0,0,4,1,0,0,3.0,2.0,3,1,0,1,3.0,1
12579.0,2,44.0,24.0,9,3,4,1,2,2.0,4.0,0,0,1,0,1.0,0
3430.0,0,31.0,24.0,6,3,4,3,0,2.0,3.0,3,1,1,1,1.0,1
2134.0,0,48.0,9.0,4,1,2,1,0,4.0,4.0,3,1,1,1,3.0,1
2647.0,1,44.0,6.0,6,3,2,3,3,3.0,2.0,3,1,1,2,1.0,1
2241.0,1,48.0,10.0,4,1,1,1,3,3.0,1.0,3,3,1,2,2.0,1
1804.0,2,44.0,12.0,9,1,1,2,1,4.0,3.0,3,1,1,1,1.0,1
2069.0,0,26.0,10.0,3,1,2,0,0,1.0,2.0,2,1,1,1,2.0,1
1374.0,1,36.0,6.0,3,3,2,1,3,2.0,1.0,3,3,0,1,1.0,1
426.0,0,39.0,6.0,6,4,4,1,0,4.0,4.0,2,3,1,1,1.0,1
409.0,3,42.0,12.0,6,0,2,4,3,3.0,3.0,0,1,1,2,2.0,1
2415.0,2,34.0,7.0,6,3,2,1,3,2.0,3.0,3,1,1,1,1.0,1
6836.0,1,63.0,60.0,0,2,4,1,2,4.0,3.0,3,1,1,1,2.0,0
1913.0,2,36.0,18.0,0,3,1,4,3,3.0,3.0,2,1,0,1,1.0,1
4020.0,1,27.0,24.0,3,3,2,1,0,2.0,2.0,3,1,2,1,1.0,1
5866.0,2,30.0,18.0,4,3,2,2,0,2.0,2.0,3,1,1,1,2.0,1
1264.0,0,57.0,12.0,0,1,4,0,2,4.0,4.0,3,3,1,2,1.0,1
1474.0,3,33.0,12.0,3,3,1,1,1,1.0,4.0,0,0,0,1,1.0,1
4746.0,2,25.0,45.0,6,1,1,1,1,2.0,4.0,3,3,1,1,2.0,0
6110.0,0,31.0,48.0,2,1,2,1,2,3.0,1.0,3,1,0,0,1.0,1
2100.0,3,37.0,18.0,6,3,2,1,3,2.0,4.0,3,1,2,1,1.0,0
1225.0,3,37.0,10.0,1,3,2,1,0,2.0,2.0,3,1,1,1,1.0,1
458.0,2,24.0,9.0,6,3,2,1,3,3.0,4.0,3,1,1,1,1.0,1
2333.0,0,30.0,30.0,6,3,4,3,0,2.0,4.0,3,0,0,1,1.0,1
1158.0,2,26.0,12.0,6,3,2,3,0,1.0,3.0,1,1,1,1,1.0,1
6204.0,2,44.0,18.0,7,2,2,1,3,4.0,2.0,3,3,1,1,1.0,1
6187.0,1,24.0,30.0,9,1,3,2,0,4.0,1.0,2,1,1,2,2.0,1
6143.0,1,58.0,48.0,9,1,4,1,2,4.0,4.0,0,3,2,0,2.0,0
1393.0,0,35.0,11.0,4,1,1,1,0,4.0,4.0,0,0,1,1,2.0,1
2299.0,0,39.0,36.0,6,3,4,3,0,4.0,4.0,3,1,1,1,1.0,1
1352.0,1,23.0,6.0,9,3,0,3,1,2.0,1.0,0,2,1,2,1.0,1
7228.0,0,39.0,11.0,4,1,2,1,1,4.0,1.0,3,3,1,1,2.0,1
2073.0,0,28.0,12.0,6,3,2,2,3,2.0,4.0,0,1,1,1,1.0,1
2333.0,2,29.0,24.0,3,2,1,0,1,2.0,4.0,3,3,0,1,1.0,1
5965.0,2,30.0,27.0,9,2,4,1,0,2.0,1.0,3,0,1,1,2.0,1
1262.0,0,25.0,12.0,6,3,2,1,0,2.0,3.0,3,1,1,1,1.0,1
3378.0,0,31.0,18.0,9,3,2,0,1,1.0,2.0,3,1,1,1,1.0,1
2225.0,2,57.0,36.0,4,2,4,1,2,4.0,4.0,3,1,0,0,2.0,0
783.0,0,26.0,6.0,4,0,2,0,3,2.0,1.0,3,3,2,1,1.0,1
6468.0,2,52.0,12.0,6,3,0,0,2,1.0,2.0,3,0,1,1,1.0,0
9566.0,0,31.0,36.0,6,1,2,1,0,2.0,2.0,0,1,2,1,2.0,1
1961.0,3,23.0,18.0,4,3,4,1,0,2.0,3.0,0,0,1,1,1.0,1
6229.0,1,23.0,36.0,3,1,1,1,2,4.0,4.0,0,3,1,2,2.0,0
1391.0,2,27.0,9.0,0,3,2,1,3,1.0,2.0,2,1,0,1,1.0,1
1537.0,2,50.0,15.0,6,1,4,0,3,4.0,4.0,3,1,1,1,2.0,1
1953.0,2,61.0,36.0,0,4,4,1,2,4.0,4.0,3,0,1,0,1.0,0
14421.0,2,25.0,48.0,0,4,2,1,0,2.0,2.0,3,1,1,1,1.0,0
3181.0,0,26.0,24.0,6,3,1,1,1,4.0,4.0,0,1,1,1,1.0,1
5190.0,0,48.0,27.0,7,3,4,0,1,4.0,4.0,3,1,1,1,4.0,1
2171.0,0,29.0,12.0,6,3,1,1,0,2.0,2.0,0,1,0,1,1.0,1
1007.0,2,22.0,12.0,4,3,2,4,3,1.0,4.0,2,1,1,1,1.0,1
1819.0,0,37.0,36.0,2,3,2,1,2,4.0,4.0,3,1,2,0,1.0,0
2394.0,0,25.0,36.0,6,3,2,0,0,4.0,4.0,0,1,1,1,1.0,1
8133.0,0,30.0,36.0,9,3,2,1,1,2.0,1.0,0,1,0,1,1.0,1
730.0,0,46.0,7.0,6,1,4,0,1,2.0,4.0,3,3,1,2,2.0,1
1164.0,1,51.0,8.0,5,1,4,1,2,4.0,3.0,3,0,0,0,2.0,1
5954.0,2,41.0,42.0,0,1,3,1,3,1.0,2.0,0,3,0,1,2.0,1
1977.0,1,40.0,36.0,2,3,4,0,2,4.0,4.0,3,0,1,1,1.0,0
1526.0,1,66.0,12.0,9,1,4,1,2,4.0,4.0,3,0,1,0,2.0,1
3965.0,1,34.0,42.0,6,3,1,1,0,3.0,4.0,3,1,1,1,1.0,0
4771.0,2,51.0,11.0,6,2,3,1,1,4.0,2.0,3,1,1,1,1.0,1
9436.0,0,39.0,54.0,9,4,2,0,1,2.0,2.0,3,3,1,1,1.0,1
3832.0,2,22.0,30.0,3,3,1,1,1,1.0,2.0,2,1,1,1,1.0,1
5943.0,0,44.0,24.0,6,3,1,0,0,1.0,1.0,0,1,1,1,2.0,0
1213.0,0,47.0,15.0,6,3,4,3,1,3.0,4.0,3,1,2,1,1.0,1
1568.0,0,24.0,18.0,0,3,2,2,1,4.0,3.0,0,3,1,2,1.0,1
1755.0,1,58.0,24.0,5,3,4,1,3,4.0,4.0,0,3,1,1,1.0,1
2315.0,1,52.0,10.0,6,3,4,1,3,4.0,3.0,3,3,1,1,1.0,1
1412.0,0,29.0,12.0,0,1,2,1,3,2.0,4.0,0,0,1,1,2.0,1
1295.0,2,27.0,18.0,3,1,1,1,1,1.0,4.0,0,1,1,1,2.0,1
12612.0,2,47.0,36.0,2,3,2,2,2,4.0,1.0,3,1,1,0,1.0,0
2249.0,1,30.0,18.0,4,3,3,2,0,3.0,4.0,3,0,1,1,1.0,1
1108.0,1,28.0,12.0,7,4,3,1,3,3.0,4.0,3,1,1,1,2.0,0
618.0,0,56.0,12.0,6,1,4,1,3,4.0,4.0,3,1,1,1,1.0,1
1409.0,1,54.0,12.0,9,1,4,1,3,3.0,4.0,3,1,1,1,1.0,1
797.0,0,33.0,12.0,6,1,4,0,1,3.0,4.0,0,3,0,1,1.0,0
3617.0,3,20.0,24.0,3,1,4,0,2,4.0,4.0,3,1,1,2,2.0,1
1318.0,2,54.0,12.0,4,3,4,4,3,4.0,4.0,3,1,1,1,1.0,1
15945.0,2,58.0,54.0,0,4,1,1,2,4.0,3.0,3,1,1,2,1.0,0
2012.0,0,61.0,12.0,2,1,3,0,0,2.0,4.0,0,1,1,1,1.0,1
2622.0,2,34.0,18.0,0,3,2,2,0,4.0,4.0,3,1,1,1,1.0,1
2337.0,2,36.0,36.0,6,1,4,1,3,4.0,4.0,3,1,1,1,1.0,1
7057.0,2,36.0,20.0,9,2,3,0,1,4.0,3.0,3,0,0,2,2.0,1
1469.0,0,41.0,24.0,4,3,4,2,3,4.0,4.0,2,3,1,2,1.0,1
2323.0,2,24.0,36.0,6,3,3,1,0,4.0,4.0,3,1,1,2,1.0,1
932.0,0,24.0,6.0,6,2,2,1,3,2.0,3.0,0,1,1,1,1.0,1
1919.0,2,35.0,9.0,3,1,3,1,0,3.0,4.0,3,1,1,2,1.0,1
2445.0,0,26.0,12.0,9,3,1,0,0,4.0,2.0,2,1,1,2,1.0,1
11938.0,2,39.0,24.0,5,1,2,1,0,3.0,2.0,3,0,1,1,2.0,0
6458.0,0,39.0,18.0,4,0,4,1,2,4.0,2.0,3,0,0,1,2.0,0
6078.0,2,32.0,12.0,4,3,3,1,0,2.0,2.0,3,1,1,1,1.0,1
7721.0,1,30.0,24.0,3,3,1,0,1,2.0,1.0,0,1,1,1,1.0,1
1410.0,2,35.0,14.0,0,3,4,3,3,2.0,1.0,2,1,1,1,1.0,1
1449.0,2,31.0,6.0,0,2,4,2,0,2.0,1.0,1,1,0,1,2.0,1
392.0,3,23.0,15.0,2,3,1,1,1,4.0,4.0,0,1,1,2,1.0,1
6260.0,2,28.0,18.0,4,3,3,1,3,3.0,3.0,3,3,1,2,1.0,1
7855.0,0,25.0,36.0,4,1,2,1,3,2.0,4.0,0,1,2,1,2.0,0
1680.0,1,35.0,12.0,6,3,4,3,3,1.0,3.0,2,1,1,1,1.0,1
3578.0,0,47.0,48.0,6,1,4,0,3,1.0,4.0,3,1,1,1,1.0,1
7174.0,1,30.0,42.0,6,3,3,0,0,3.0,4.0,0,0,1,1,1.0,0
2132.0,1,27.0,10.0,3,1,1,0,3,3.0,2.0,0,1,1,2,2.0,1
4281.0,1,23.0,33.0,3,1,2,3,0,4.0,1.0,0,1,1,1,2.0,0
2366.0,2,36.0,12.0,4,1,3,3,0,3.0,3.0,1,0,1,1,1.0,1
1835.0,1,25.0,21.0,6,3,2,1,3,2.0,3.0,0,1,1,1,2.0,0
3868.0,0,41.0,24.0,9,1,4,1,0,2.0,4.0,0,0,1,2,2.0,1
1768.0,0,24.0,12.0,3,3,2,1,3,2.0,3.0,3,3,1,2,1.0,1
781.0,3,63.0,10.0,4,1,4,1,2,4.0,4.0,3,1,1,0,2.0,1
1924.0,2,27.0,18.0,3,3,1,0,3,3.0,4.0,0,1,1,2,1.0,0
2121.0,1,30.0,12.0,4,1,2,1,1,2.0,4.0,3,1,1,1,2.0,1
701.0,1,40.0,12.0,6,3,2,1,3,2.0,4.0,2,3,1,1,1.0,1
639.0,2,30.0,12.0,7,3,2,1,0,2.0,4.0,3,1,1,1,1.0,0
1860.0,2,34.0,12.0,9,1,0,1,0,2.0,4.0,3,0,1,1,2.0,1
3499.0,1,29.0,12.0,4,1,2,1,3,2.0,3.0,0,1,1,1,2.0,0
8487.0,2,24.0,48.0,4,3,3,0,0,2.0,1.0,0,1,1,1,1.0,1
6887.0,1,29.0,36.0,2,2,2,1,1,3.0,4.0,3,1,2,1,1.0,0
2708.0,0,27.0,15.0,3,3,1,1,1,3.0,2.0,3,3,0,1,2.0,1
1984.0,0,47.0,18.0,3,3,2,1,2,4.0,4.0,3,1,0,0,2.0,1
10144.0,0,21.0,60.0,6,3,3,2,3,4.0,2.0,0,1,1,1,1.0,1
1240.0,0,38.0,12.0,6,1,4,0,3,2.0,4.0,0,1,1,1,2.0,1
8613.0,0,27.0,27.0,9,2,2,4,0,2.0,2.0,3,1,1,1,2.0,1
766.0,2,66.0,12.0,6,3,2,3,3,3.0,4.0,3,3,1,1,1.0,0
2728.0,2,35.0,15.0,6,1,3,0,3,2.0,4.0,3,1,0,1,3.0,1
1881.0,3,44.0,12.0,6,3,2,1,0,2.0,2.0,0,3,1,2,1.0,1
709.0,3,27.0,6.0,4,3,1,4,3,2.0,2.0,2,2,1,1,1.0,1
4795.0,2,30.0,36.0,6,3,1,1,2,1.0,4.0,0,0,1,1,1.0,1
3416.0,1,27.0,27.0,6,3,2,1,0,2.0,3.0,3,0,1,1,1.0,1
2462.0,1,22.0,18.0,3,3,2,1,0,2.0,2.0,3,1,1,1,1.0,0
2288.0,0,23.0,21.0,3,1,1,1,1,4.0,4.0,0,1,1,1,1.0,1
3566.0,2,30.0,48.0,0,0,3,2,0,2.0,4.0,3,1,1,1,1.0,1
860.0,1,39.0,6.0,4,1,4,1,2,4.0,1.0,0,1,1,1,2.0,1
682.0,0,51.0,12.0,4,1,3,2,0,3.0,4.0,0,1,1,1,2.0,1
5371.0,1,28.0,36.0,3,1,2,1,1,2.0,3.0,3,1,1,1,2.0,1
1582.0,0,46.0,18.0,6,1,4,4,0,4.0,4.0,3,1,1,1,2.0,1
1346.0,0,42.0,6.0,6,3,4,2,2,4.0,2.0,3,1,0,0,1.0,1
1924.0,0,38.0,10.0,6,3,2,1,1,4.0,1.0,3,1,1,1,1.0,1
5848.0,3,24.0,36.0,6,3,2,1,0,1.0,4.0,3,1,1,1,1.0,1
7758.0,2,29.0,24.0,9,1,4,4,2,4.0,2.0,0,1,1,2,1.0,1
6967.0,2,36.0,24.0,0,2,3,2,0,4.0,4.0,3,0,1,2,1.0,1
1282.0,1,20.0,12.0,3,3,2,1,0,4.0,2.0,0,1,1,2,1.0,0
1288.0,1,48.0,9.0,7,1,4,2,3,4.0,3.0,3,1,1,1,2.0,1
339.0,1,45.0,12.0,8,0,4,1,0,1.0,4.0,2,3,0,1,1.0,1
3512.0,2,38.0,24.0,4,3,3,2,0,3.0,2.0,3,1,0,1,2.0,1
1898.0,0,34.0,6.0,6,1,2,0,3,2.0,1.0,3,3,1,1,2.0,1
2872.0,0,36.0,24.0,6,1,4,2,3,4.0,3.0,3,1,1,1,1.0,1
1055.0,0,30.0,18.0,4,1,1,1,1,1.0,4.0,0,1,1,1,2.0,1
1262.0,0,36.0,15.0,1,3,3,3,1,3.0,4.0,3,1,1,1,2.0,1
7308.0,2,70.0,10.0,4,3,0,1,2,4.0,2.0,3,0,0,0,1.0,1
909.0,0,36.0,36.0,4,3,4,3,1,4.0,4.0,3,1,1,1,1.0,1
2978.0,0,32.0,6.0,3,3,2,3,0,2.0,1.0,3,1,1,1,1.0,1
1131.0,1,33.0,18.0,3,3,0,1,0,2.0,4.0,0,1,1,1,1.0,0
1577.0,2,20.0,11.0,3,3,1,4,3,1.0,4.0,0,1,1,1,1.0,1
3972.0,0,25.0,24.0,3,3,3,1,1,4.0,2.0,0,1,1,2,1.0,1
1935.0,2,31.0,24.0,0,1,4,1,3,4.0,4.0,1,1,1,1,2.0,0
950.0,1,33.0,15.0,4,4,4,1,0,3.0,4.0,3,1,1,2,2.0,0
763.0,0,26.0,12.0,3,3,2,1,3,1.0,4.0,0,1,1,1,1.0,1
2064.0,2,34.0,24.0,3,2,0,1,1,2.0,3.0,0,0,1,1,1.0,0
1414.0,2,33.0,8.0,6,3,2,1,3,2.0,4.0,3,1,1,1,1.0,1
3414.0,1,26.0,21.0,2,2,1,1,1,1.0,2.0,3,1,1,1,2.0,0
7485.0,0,53.0,30.0,9,0,0,0,3,1.0,4.0,0,0,0,1,1.0,0
2577.0,1,42.0,12.0,3,3,2,1,0,1.0,2.0,1,1,1,1,1.0,1
338.0,1,52.0,6.0,6,1,4,3,0,4.0,4.0,3,1,1,1,2.0,1
1963.0,0,31.0,12.0,6,3,3,1,0,2.0,4.0,3,0,1,2,2.0,1
571.0,1,65.0,21.0,4,1,4,1,3,4.0,4.0,3,1,1,1,2.0,1
9572.0,0,28.0,36.0,0,2,1,1,0,1.0,1.0,1,1,1,1,2.0,0
4455.0,2,30.0,36.0,0,2,2,1,3,2.0,2.0,1,0,2,1,2.0,0
1647.0,1,40.0,21.0,4,0,2,0,1,2.0,4.0,3,3,1,1,2.0,0
3777.0,0,50.0,24.0,3,1,2,4,3,4.0,4.0,3,1,1,1,1.0,1
884.0,2,36.0,18.0,4,1,4,1,0,4.0,4.0,3,1,0,1,1.0,0
1360.0,0,31.0,15.0,6,1,2,1,1,2.0,4.0,3,1,1,1,2.0,1
5129.0,2,74.0,9.0,9,0,4,1,2,4.0,2.0,0,0,0,0,1.0,0
1175.0,2,68.0,16.0,4,1,0,1,0,3.0,2.0,3,2,1,0,3.0,1
674.0,1,20.0,12.0,6,3,3,2,1,1.0,4.0,2,1,1,1,1.0,0
3244.0,2,33.0,18.0,3,4,2,1,0,4.0,1.0,0,1,0,1,2.0,1
4591.0,0,54.0,24.0,0,3,2,4,1,3.0,2.0,3,0,1,1,3.0,0
3844.0,2,34.0,48.0,0,4,3,2,2,4.0,4.0,3,3,1,0,1.0,0
3915.0,2,36.0,27.0,0,3,2,1,0,2.0,4.0,3,1,1,1,1.0,0
2108.0,0,29.0,6.0,6,3,3,1,3,2.0,2.0,2,1,1,2,1.0,1
3031.0,2,21.0,45.0,6,3,2,2,1,4.0,4.0,3,1,1,2,1.0,0
1501.0,2,34.0,9.0,2,1,4,1,0,3.0,2.0,0,0,1,1,2.0,0
1382.0,0,28.0,6.0,6,1,2,1,0,1.0,1.0,0,1,1,1,2.0,1
951.0,2,27.0,12.0,3,3,1,2,0,4.0,4.0,0,1,0,2,4.0,0
2760.0,2,36.0,24.0,9,3,4,0,2,4.0,4.0,3,1,0,0,1.0,1
4297.0,2,40.0,18.0,3,2,4,1,2,3.0,4.0,1,0,1,1,1.0,0
936.0,0,52.0,9.0,2,1,4,3,0,2.0,4.0,3,1,1,1,2.0,1
1168.0,1,27.0,12.0,4,3,2,1,3,3.0,4.0,2,3,1,1,1.0,1
5117.0,0,26.0,27.0,0,2,3,1,0,4.0,3.0,3,1,1,1,2.0,1
902.0,1,21.0,12.0,8,3,3,1,1,4.0,4.0,2,1,1,2,1.0,0
1495.0,0,38.0,12.0,4,1,4,1,3,1.0,4.0,3,3,1,1,2.0,1
10623.0,1,38.0,30.0,9,1,4,1,2,4.0,3.0,3,0,1,0,3.0,1
1935.0,0,43.0,12.0,3,1,4,1,3,4.0,4.0,3,1,1,1,3.0,1
1424.0,2,26.0,12.0,1,1,3,1,1,3.0,4.0,3,1,1,1,1.0,1
6568.0,1,21.0,24.0,0,3,2,1,0,2.0,2.0,2,3,2,1,1.0,1
1413.0,0,55.0,12.0,9,3,3,4,1,2.0,3.0,3,1,1,1,1.0,1
3074.0,0,33.0,9.0,6,1,2,0,3,2.0,1.0,3,1,1,1,2.0,1
3835.0,0,45.0,36.0,6,3,4,0,3,4.0,2.0,0,3,1,1,1.0,1
5293.0,1,50.0,27.0,0,4,0,1,1,4.0,2.0,3,1,2,1,2.0,0
1908.0,3,66.0,30.0,0,2,4,1,3,4.0,4.0,3,0,1,1,1.0,0
3342.0,0,51.0,36.0,6,1,4,0,0,2.0,4.0,3,1,1,1,1.0,1
932.0,2,39.0,6.0,8,1,3,0,1,3.0,1.0,0,3,1,1,2.0,1
3104.0,1,31.0,18.0,0,4,3,1,1,1.0,3.0,3,1,0,1,1.0,1
3913.0,3,23.0,36.0,6,3,2,1,3,2.0,2.0,3,1,1,1,1.0,1
3021.0,1,24.0,24.0,3,3,2,1,3,2.0,2.0,1,3,1,2,1.0,1
1364.0,0,64.0,10.0,4,3,2,1,0,4.0,2.0,0,1,1,1,1.0,1
625.0,2,26.0,12.0,6,3,1,1,3,1.0,4.0,2,3,0,1,1.0,1
1200.0,1,23.0,12.0,2,3,2,0,1,4.0,4.0,0,1,0,2,1.0,1
707.0,0,30.0,12.0,6,3,2,1,3,2.0,4.0,3,1,0,1,2.0,1
2978.0,0,32.0,24.0,0,2,2,0,3,4.0,4.0,3,1,1,1,2.0,1
4657.0,0,30.0,15.0,9,3,2,1,0,2.0,3.0,3,1,1,1,1.0,1
2613.0,0,27.0,36.0,7,4,2,1,0,2.0,4.0,3,1,1,1,2.0,1
10961.0,2,27.0,48.0,6,3,3,4,2,2.0,1.0,3,1,0,1,2.0,0
7865.0,1,53.0,12.0,3,3,4,1,2,4.0,4.0,3,0,1,0,1.0,0
1478.0,0,22.0,9.0,6,3,3,1,0,2.0,4.0,3,1,1,1,1.0,0
3149.0,1,22.0,24.0,3,3,1,1,2,1.0,4.0,3,1,0,0,1.0,1
4210.0,3,26.0,36.0,6,3,2,1,0,2.0,4.0,3,1,1,1,1.0,0
2507.0,0,51.0,9.0,4,3,4,3,2,4.0,2.0,3,3,1,0,1.0,1
2141.0,0,35.0,12.0,6,3,3,2,2,1.0,3.0,3,1,1,1,1.0,1
866.0,2,25.0,18.0,6,3,2,1,3,2.0,4.0,2,3,1,1,1.0,1
1544.0,0,42.0,4.0,6,1,3,1,3,1.0,2.0,3,3,1,1,3.0,1
1823.0,1,30.0,24.0,6,3,0,1,0,2.0,4.0,3,0,2,1,1.0,0
14555.0,2,23.0,6.0,4,3,0,0,1,2.0,1.0,3,2,1,1,1.0,0
2767.0,2,61.0,21.0,0,3,4,2,0,2.0,4.0,1,3,0,2,2.0,0
1291.0,0,35.0,12.0,6,1,2,1,1,2.0,4.0,0,1,1,1,2.0,1
2522.0,1,39.0,30.0,6,3,4,1,1,3.0,1.0,3,1,1,1,1.0,1
915.0,1,29.0,24.0,4,3,4,0,0,2.0,4.0,0,1,0,1,1.0,0
1595.0,0,51.0,6.0,6,3,3,1,1,2.0,3.0,3,1,1,1,1.0,1
4605.0,1,24.0,48.0,9,4,4,1,2,4.0,3.0,3,1,1,0,2.0,0
1185.0,0,27.0,12.0,0,1,2,1,3,2.0,3.0,0,1,1,1,2.0,1
3447.0,0,35.0,12.0,8,0,2,3,3,3.0,4.0,0,3,1,1,1.0,1
1258.0,0,25.0,24.0,0,3,3,1,3,1.0,4.0,3,1,1,1,1.0,1
717.0,0,52.0,12.0,6,1,4,1,3,4.0,4.0,3,1,1,1,3.0,1
1204.0,0,35.0,6.0,4,4,2,2,2,1.0,4.0,3,1,0,2,1.0,1
1925.0,3,26.0,24.0,3,3,2,1,3,2.0,2.0,3,1,1,1,1.0,1
433.0,0,22.0,18.0,6,3,0,1,3,4.0,3.0,0,1,1,2,1.0,0
666.0,1,39.0,6.0,4,1,3,4,3,4.0,3.0,0,3,1,1,2.0,1
2251.0,3,46.0,12.0,3,3,2,1,0,2.0,1.0,0,3,1,1,1.0,1
2150.0,2,24.0,30.0,4,3,2,1,2,2.0,4.0,0,1,0,1,1.0,0
4151.0,0,35.0,24.0,3,2,2,2,1,3.0,2.0,3,1,1,1,2.0,1
2030.0,2,24.0,9.0,3,3,3,0,0,1.0,2.0,3,1,1,1,1.0,1
7418.0,2,27.0,60.0,6,2,2,0,3,1.0,1.0,3,3,1,1,1.0,1
2684.0,0,35.0,24.0,6,1,2,1,3,2.0,4.0,3,3,1,1,2.0,1
2149.0,1,29.0,12.0,6,0,2,1,2,1.0,4.0,1,1,1,0,1.0,0
3812.0,0,23.0,15.0,9,3,1,2,0,4.0,1.0,0,1,1,1,1.0,1
1154.0,0,57.0,11.0,6,1,0,2,3,4.0,4.0,0,3,1,1,3.0,1
1657.0,1,27.0,12.0,3,3,2,1,3,2.0,2.0,3,1,1,1,1.0,1
1603.0,1,55.0,24.0,6,3,4,1,0,4.0,4.0,0,1,1,1,1.0,1
5302.0,1,36.0,18.0,4,1,4,1,2,4.0,2.0,3,0,1,0,3.0,1
2748.0,0,57.0,12.0,2,1,4,1,2,4.0,2.0,0,3,0,0,3.0,1
1231.0,0,32.0,10.0,4,1,4,1,3,4.0,3.0,3,3,1,1,2.0,1
802.0,2,37.0,15.0,6,3,4,1,0,3.0,4.0,3,1,1,1,1.0,0
6304.0,0,36.0,36.0,0,1,4,0,3,4.0,4.0,3,1,1,1,2.0,1
1533.0,0,38.0,24.0,6,3,1,1,0,3.0,4.0,0,1,2,1,1.0,1
8978.0,1,45.0,14.0,4,3,4,1,1,4.0,1.0,1,0,1,1,1.0,0
999.0,0,25.0,24.0,6,3,4,0,0,2.0,4.0,3,1,1,1,2.0,1
2662.0,0,32.0,18.0,4,3,3,0,1,3.0,4.0,3,1,1,1,1.0,1
1402.0,0,37.0,12.0,3,1,3,3,0,4.0,3.0,0,1,1,2,1.0,1
12169.0,2,36.0,48.0,4,0,0,0,2,4.0,4.0,3,0,1,0,1.0,1
3060.0,2,28.0,48.0,6,3,3,1,3,4.0,4.0,3,1,1,1,2.0,0
11998.0,1,34.0,30.0,7,3,1,1,2,1.0,1.0,1,3,1,1,1.0,0
2697.0,0,32.0,9.0,6,3,2,1,3,2.0,1.0,3,1,1,1,1.0,1
2404.0,0,26.0,18.0,6,1,2,1,0,2.0,2.0,0,1,1,1,2.0,1
1262.0,1,49.0,12.0,3,3,4,0,1,4.0,2.0,1,3,1,1,1.0,1
4611.0,0,32.0,6.0,3,3,1,1,1,4.0,1.0,0,1,1,1,1.0,0
1901.0,0,29.0,24.0,6,3,2,2,0,4.0,4.0,3,0,1,2,1.0,1
3368.0,0,23.0,15.0,9,1,4,4,2,4.0,3.0,3,1,1,2,2.0,1
1574.0,0,50.0,12.0,3,3,2,1,3,2.0,4.0,3,1,1,1,1.0,1
1445.0,3,49.0,18.0,6,0,3,0,0,4.0,4.0,3,3,0,1,1.0,1
1520.0,0,63.0,15.0,3,1,4,0,1,4.0,4.0,3,1,1,1,1.0,1
3878.0,2,37.0,24.0,4,1,1,2,0,2.0,4.0,1,1,1,1,1.0,1
10722.0,1,35.0,47.0,4,3,1,1,3,1.0,1.0,0,3,1,1,1.0,1
4788.0,1,26.0,48.0,9,3,3,1,1,3.0,4.0,3,1,1,1,1.0,1
7582.0,2,31.0,48.0,5,2,0,2,2,4.0,2.0,3,0,1,0,1.0,1
1092.0,2,49.0,12.0,6,3,2,1,3,4.0,4.0,0,1,1,1,2.0,1
1024.0,1,48.0,24.0,6,2,1,1,3,4.0,4.0,2,1,2,1,1.0,0
1076.0,0,26.0,12.0,0,3,2,1,3,2.0,2.0,2,1,1,1,1.0,1
9398.0,2,28.0,36.0,9,3,1,1,0,4.0,1.0,2,0,1,2,1.0,0
6419.0,1,44.0,24.0,9,1,4,1,2,4.0,2.0,0,0,1,0,2.0,1
4796.0,3,56.0,42.0,9,1,4,1,2,4.0,4.0,3,1,1,0,1.0,1
7629.0,0,46.0,48.0,0,1,4,0,0,2.0,4.0,1,0,0,1,2.0,1
9960.0,2,26.0,48.0,3,3,1,1,0,2.0,1.0,0,1,1,1,1.0,0
4675.0,0,20.0,12.0,9,3,1,0,0,4.0,1.0,0,1,1,2,1.0,1
1287.0,0,45.0,10.0,4,3,4,0,1,2.0,4.0,3,3,1,1,1.0,1
2515.0,0,43.0,18.0,3,3,2,1,3,4.0,3.0,3,1,1,1,1.0,1
2745.0,2,32.0,21.0,3,1,3,4,0,2.0,3.0,3,1,1,1,2.0,1
672.0,0,54.0,6.0,4,3,0,1,3,4.0,1.0,0,2,1,1,1.0,1
3804.0,2,42.0,36.0,6,4,2,1,0,1.0,4.0,0,1,1,1,1.0,0
1344.0,3,37.0,24.0,4,1,3,0,3,2.0,4.0,3,3,0,1,2.0,0
1038.0,1,49.0,10.0,4,1,3,1,1,3.0,4.0,3,1,1,1,2.0,1
10127.0,0,44.0,48.0,4,1,2,3,2,2.0,2.0,3,1,0,0,1.0,0
1543.0,0,33.0,6.0,3,3,2,4,3,2.0,4.0,1,1,1,1,1.0,1
4811.0,0,24.0,30.0,9,3,3,0,1,4.0,2.0,0,3,2,2,1.0,1
727.0,1,33.0,12.0,6,3,1,2,2,3.0,4.0,2,3,1,1,1.0,0
1237.0,2,24.0,8.0,3,3,2,1,3,4.0,3.0,0,1,1,1,1.0,0
276.0,2,22.0,9.0,4,3,2,1,3,4.0,4.0,2,3,1,2,1.0,1
5381.0,2,40.0,48.0,5,3,0,0,2,4.0,3.0,3,2,0,0,1.0,1
5511.0,0,25.0,24.0,3,3,2,2,0,1.0,4.0,3,1,2,1,1.0,1
3749.0,3,26.0,24.0,3,3,1,1,0,4.0,2.0,0,1,1,1,1.0,1
685.0,2,25.0,12.0,4,3,3,1,0,3.0,2.0,2,3,0,1,1.0,0
1494.0,3,29.0,4.0,4,3,1,0,3,2.0,1.0,3,3,1,1,1.0,1
2746.0,1,31.0,36.0,3,0,4,1,0,4.0,4.0,3,1,0,1,1.0,0
708.0,1,38.0,12.0,3,3,2,1,1,3.0,2.0,3,3,1,1,1.0,1
4351.0,2,48.0,24.0,3,3,2,0,1,4.0,1.0,0,3,1,1,1.0,1
701.0,0,32.0,12.0,2,1,2,1,0,2.0,4.0,3,1,1,1,2.0,1
3643.0,1,27.0,15.0,3,2,4,1,1,4.0,1.0,0,3,1,1,2.0,1
4249.0,2,28.0,30.0,4,1,0,1,0,2.0,4.0,2,0,1,1,2.0,0
1938.0,1,32.0,24.0,6,3,1,1,1,3.0,4.0,1,1,1,1,1.0,0
2910.0,1,34.0,24.0,9,3,3,1,2,1.0,2.0,3,0,1,0,1.0,1
2659.0,1,28.0,18.0,3,3,2,4,0,2.0,4.0,3,1,1,1,1.0,1
1028.0,0,36.0,18.0,4,1,2,1,3,3.0,4.0,0,1,1,1,2.0,1
3398.0,1,39.0,8.0,4,1,3,1,3,4.0,1.0,3,3,1,1,2.0,1
5801.0,0,49.0,12.0,3,1,4,0,1,4.0,2.0,3,1,1,2,1.0,1
1525.0,0,34.0,24.0,4,3,3,4,0,3.0,4.0,0,1,1,1,1.0,1
4473.0,3,31.0,36.0,6,3,4,1,0,2.0,4.0,3,1,1,1,1.0,1
1068.0,2,28.0,6.0,6,3,4,1,0,4.0,4.0,3,1,1,1,1.0,1
6615.0,1,75.0,24.0,9,1,0,1,2,4.0,2.0,3,0,1,0,2.0,1
1864.0,0,30.0,18.0,2,1,2,2,3,2.0,4.0,0,1,1,1,2.0,0
7408.0,2,24.0,60.0,4,3,1,2,1,2.0,4.0,0,0,1,1,1.0,0
11590.0,0,24.0,48.0,9,1,2,2,0,4.0,2.0,0,3,0,2,2.0,0
4110.0,1,23.0,24.0,3,4,4,1,2,4.0,3.0,3,1,0,2,2.0,0
3384.0,1,44.0,6.0,3,1,2,1,3,4.0,1.0,1,0,1,2,1.0,0
2101.0,2,23.0,13.0,6,3,1,1,1,4.0,2.0,0,3,1,1,1.0,1
1275.0,1,24.0,15.0,1,3,2,0,0,2.0,4.0,0,1,1,2,1.0,0
4169.0,1,28.0,24.0,3,3,2,1,1,4.0,4.0,3,1,1,1,1.0,1
1521.0,2,31.0,10.0,3,3,2,1,0,2.0,4.0,1,3,1,1,1.0,1
5743.0,2,24.0,24.0,2,1,1,1,2,4.0,2.0,0,1,1,0,2.0,1
3599.0,1,26.0,21.0,3,3,3,1,0,4.0,1.0,0,3,1,2,1.0,1
3213.0,2,25.0,18.0,6,3,1,3,3,3.0,1.0,2,1,1,2,1.0,1
4439.0,2,33.0,18.0,0,3,4,1,3,1.0,1.0,3,0,0,1,1.0,1
3949.0,3,37.0,10.0,4,3,1,1,1,1.0,1.0,3,3,1,1,1.0,1
1459.0,0,43.0,15.0,6,1,2,1,0,2.0,4.0,0,3,1,1,1.0,1
882.0,2,23.0,13.0,6,1,1,1,3,4.0,4.0,3,1,1,1,2.0,1
3758.0,2,23.0,24.0,6,3,0,3,2,4.0,1.0,0,2,1,2,1.0,1
1743.0,0,34.0,6.0,0,2,2,2,3,2.0,1.0,3,3,1,1,2.0,1
1136.0,2,32.0,9.0,2,1,4,4,2,3.0,4.0,3,1,1,0,2.0,0
1236.0,0,23.0,9.0,1,3,1,1,3,4.0,1.0,0,1,1,2,1.0,1
959.0,2,29.0,9.0,3,3,2,1,0,2.0,1.0,0,1,1,1,1.0,0
3229.0,0,38.0,18.0,9,1,0,0,2,4.0,2.0,3,0,1,1,1.0,1
6199.0,1,28.0,12.0,6,4,2,1,1,2.0,4.0,3,1,1,2,2.0,0
727.0,0,46.0,10.0,2,3,4,3,2,4.0,4.0,3,1,1,0,1.0,1
1246.0,2,23.0,24.0,4,3,1,1,3,2.0,4.0,3,3,2,1,1.0,0
2331.0,0,49.0,12.0,6,1,4,0,3,4.0,1.0,3,1,1,1,1.0,1
4463.0,0,26.0,36.0,6,2,2,1,0,2.0,4.0,3,0,1,1,2.0,0
776.0,0,28.0,12.0,6,3,2,1,3,2.0,4.0,2,1,1,1,1.0,1
2406.0,1,23.0,30.0,3,3,3,1,3,4.0,4.0,0,1,1,2,1.0,0
1239.0,2,61.0,18.0,2,3,2,0,2,4.0,4.0,3,1,1,0,1.0,1
3399.0,3,37.0,12.0,6,3,4,0,0,3.0,2.0,3,0,1,1,1.0,1
2247.0,3,36.0,12.0,4,2,2,1,0,2.0,2.0,0,1,2,1,2.0,1
1766.0,0,21.0,6.0,3,3,2,1,1,2.0,1.0,2,1,1,2,1.0,1
2473.0,1,25.0,18.0,3,3,0,1,0,1.0,4.0,3,2,1,1,1.0,0
1542.0,0,36.0,12.0,0,3,3,1,0,4.0,2.0,3,1,1,1,1.0,1
3850.0,0,27.0,18.0,9,1,3,1,0,1.0,3.0,3,1,1,1,2.0,1
3650.0,1,22.0,18.0,3,3,1,1,0,4.0,1.0,0,1,1,2,1.0,1
3446.0,1,42.0,36.0,3,3,4,1,0,2.0,4.0,3,1,1,1,1.0,0
3001.0,2,40.0,18.0,3,3,3,1,3,4.0,2.0,0,1,1,2,1.0,1
3079.0,0,36.0,36.0,4,3,2,0,3,4.0,4.0,3,1,1,1,1.0,1
6070.0,0,33.0,18.0,6,1,4,1,0,4.0,3.0,3,1,1,1,2.0,1
2146.0,0,23.0,10.0,3,1,1,1,3,3.0,1.0,0,1,1,2,2.0,1
13756.0,0,63.0,60.0,4,1,4,0,2,4.0,2.0,3,0,0,0,1.0,1
14782.0,2,60.0,60.0,5,0,4,2,2,4.0,3.0,0,0,0,0,2.0,0
7685.0,1,37.0,48.0,0,0,3,1,0,4.0,2.0,0,1,1,2,1.0,0
2320.0,0,34.0,18.0,6,2,0,1,3,3.0,2.0,2,1,1,1,2.0,1
846.0,0,36.0,7.0,6,2,4,0,2,4.0,3.0,3,1,1,0,1.0,1
14318.0,2,57.0,36.0,4,3,4,1,2,2.0,4.0,3,0,1,0,1.0,0
362.0,0,52.0,6.0,4,1,2,2,0,4.0,4.0,0,3,1,1,2.0,1
2212.0,1,39.0,20.0,3,3,3,0,0,4.0,4.0,3,1,1,1,1.0,1
12976.0,2,38.0,18.0,9,3,0,1,2,4.0,3.0,0,0,1,0,1.0,0
1283.0,0,25.0,22.0,4,3,3,0,1,4.0,4.0,0,1,1,2,1.0,1
1330.0,3,26.0,12.0,4,3,1,1,3,1.0,4.0,3,1,1,1,1.0,1
4272.0,0,26.0,30.0,0,2,2,2,1,2.0,2.0,3,3,1,1,2.0,1
2238.0,0,25.0,18.0,6,1,2,1,0,1.0,2.0,0,1,1,1,2.0,1
1126.0,0,21.0,18.0,6,3,1,0,3,2.0,4.0,0,1,1,2,1.0,1
7374.0,2,40.0,18.0,3,1,0,1,1,4.0,4.0,3,0,2,1,2.0,1
2326.0,2,27.0,15.0,0,1,2,3,0,4.0,2.0,3,1,0,1,1.0,1
1449.0,0,27.0,9.0,0,3,3,1,0,2.0,3.0,0,1,1,1,2.0,1
1820.0,0,30.0,18.0,4,3,2,1,1,2.0,2.0,2,0,1,1,1.0,1
983.0,2,19.0,12.0,3,3,1,4,3,4.0,1.0,0,3,1,2,1.0,1
3249.0,1,39.0,36.0,4,3,3,1,2,4.0,2.0,3,0,0,0,1.0,1
1957.0,1,31.0,6.0,6,1,3,1,0,4.0,1.0,0,1,1,1,1.0,1
2406.0,0,31.0,9.0,3,1,0,1,0,3.0,2.0,3,0,1,1,1.0,1
11760.0,2,32.0,39.0,2,2,3,2,2,3.0,2.0,3,1,1,2,1.0,1
2578.0,1,55.0,12.0,3,3,0,1,2,4.0,3.0,0,0,1,0,1.0,1
2348.0,1,46.0,36.0,3,1,2,1,1,2.0,3.0,2,1,1,1,2.0,1
1223.0,2,46.0,12.0,4,3,4,1,3,1.0,1.0,1,1,1,2,2.0,0
1516.0,0,43.0,24.0,6,1,2,4,3,1.0,4.0,0,3,1,1,2.0,1
1473.0,0,39.0,18.0,6,3,1,1,3,4.0,3.0,2,1,1,1,1.0,1
1887.0,2,28.0,18.0,0,1,2,0,3,4.0,4.0,2,1,0,1,2.0,1
8648.0,0,27.0,24.0,0,2,1,1,0,2.0,2.0,3,1,0,1,2.0,0
802.0,0,27.0,14.0,4,2,2,1,0,2.0,4.0,3,3,1,1,2.0,1
2899.0,2,43.0,18.0,4,2,4,0,0,4.0,4.0,3,1,1,1,1.0,1
2039.0,2,22.0,24.0,6,3,1,1,1,1.0,1.0,2,1,1,1,1.0,0
2197.0,0,43.0,24.0,9,1,3,0,0,4.0,4.0,3,1,1,1,2.0,1
1053.0,1,27.0,15.0,6,3,1,1,3,2.0,4.0,2,1,1,1,1.0,1
3235.0,0,26.0,24.0,6,3,4,3,0,2.0,3.0,1,0,1,1,1.0,1
939.0,3,28.0,12.0,4,1,3,3,3,2.0,4.0,2,1,1,1,3.0,0
1967.0,2,20.0,24.0,6,3,4,1,0,4.0,4.0,0,1,1,1,1.0,1
7253.0,0,35.0,33.0,9,1,3,1,0,2.0,3.0,3,0,1,1,2.0,1
2292.0,0,42.0,12.0,0,1,0,1,0,2.0,4.0,3,0,2,1,2.0,0
1597.0,0,40.0,10.0,4,3,2,3,2,2.0,3.0,3,3,1,2,1.0,1
1381.0,1,35.0,24.0,4,3,2,0,1,2.0,4.0,0,1,1,1,1.0,0
5842.0,0,35.0,36.0,9,1,4,1,1,2.0,2.0,3,1,1,1,2.0,1
2579.0,1,33.0,12.0,4,3,1,1,3,1.0,4.0,3,3,1,1,1.0,0
8471.0,1,23.0,18.0,2,2,2,0,0,2.0,1.0,0,1,1,2,2.0,1
2782.0,0,31.0,21.0,4,3,3,3,0,2.0,1.0,0,0,0,1,1.0,1
1042.0,2,33.0,18.0,4,3,2,0,1,2.0,4.0,0,1,1,1,1.0,0
3186.0,0,20.0,15.0,4,3,3,4,0,3.0,2.0,0,1,1,2,1.0,1
2028.0,2,30.0,12.0,9,3,2,0,0,2.0,4.0,3,1,1,1,1.0,1
958.0,2,47.0,12.0,4,1,3,1,3,3.0,2.0,3,3,1,1,2.0,1
1591.0,0,34.0,21.0,3,2,3,2,3,3.0,4.0,3,0,1,1,2.0,1
2762.0,2,25.0,12.0,3,3,4,0,1,2.0,1.0,0,1,0,1,1.0,0
2779.0,2,21.0,18.0,9,3,2,1,0,3.0,1.0,2,1,1,2,1.0,1
2743.0,0,29.0,28.0,6,1,4,1,0,2.0,4.0,3,1,1,1,2.0,1
1149.0,0,46.0,18.0,6,1,2,4,3,3.0,4.0,3,1,1,1,2.0,1
1313.0,0,20.0,9.0,3,3,4,1,0,4.0,1.0,3,1,1,1,1.0,1
1190.0,1,55.0,18.0,7,1,0,1,2,4.0,2.0,0,2,1,0,3.0,0
3448.0,0,74.0,5.0,0,3,3,1,3,4.0,1.0,3,3,1,1,1.0,1
11328.0,2,29.0,24.0,5,3,2,1,0,3.0,2.0,3,0,0,1,2.0,0
1872.0,1,36.0,6.0,3,1,0,1,2,4.0,4.0,3,0,1,0,3.0,1
2058.0,0,33.0,24.0,7,1,2,1,3,2.0,4.0,1,1,1,1,2.0,1
2136.0,1,25.0,9.0,3,3,2,1,3,2.0,3.0,3,1,1,1,1.0,1
1484.0,2,25.0,12.0,6,3,2,0,3,1.0,2.0,2,1,1,1,1.0,0
660.0,0,23.0,6.0,7,3,3,3,3,4.0,2.0,2,3,1,2,1.0,1
1287.0,0,37.0,24.0,4,1,4,4,3,4.0,4.0,0,1,1,1,2.0,1
3394.0,1,65.0,42.0,7,1,0,1,0,4.0,4.0,3,2,1,1,2.0,1
609.0,3,26.0,12.0,0,0,1,1,3,1.0,4.0,0,2,1,1,1.0,0
1884.0,0,39.0,12.0,4,3,4,1,0,4.0,4.0,3,0,1,1,1.0,1
1620.0,1,30.0,12.0,3,3,2,1,1,3.0,2.0,0,1,1,1,1.0,1
2629.0,2,29.0,20.0,5,2,2,1,0,3.0,2.0,3,1,0,1,2.0,1
719.0,0,41.0,12.0,2,3,4,1,0,4.0,4.0,3,3,0,1,1.0,0
5096.0,2,30.0,48.0,3,1,2,1,0,3.0,2.0,0,0,1,1,1.0,0
1244.0,0,41.0,9.0,2,1,4,0,1,4.0,4.0,0,3,1,2,2.0,1
1842.0,1,34.0,36.0,4,3,1,1,0,4.0,4.0,0,1,1,1,1.0,0
2576.0,2,35.0,7.0,6,3,2,1,3,2.0,2.0,3,1,1,1,1.0,1
1424.0,3,55.0,12.0,3,3,4,0,3,4.0,3.0,0,0,1,1,1.0,1
1512.0,2,61.0,15.0,7,2,2,4,1,3.0,3.0,2,1,2,1,2.0,0
11054.0,0,30.0,36.0,9,1,2,0,0,2.0,4.0,3,0,1,1,1.0,1
518.0,0,29.0,6.0,6,3,2,1,3,1.0,3.0,0,1,1,1,1.0,1
2759.0,0,34.0,12.0,3,4,4,1,1,4.0,2.0,3,1,1,1,2.0,1
2670.0,0,35.0,24.0,9,3,4,1,0,4.0,4.0,3,0,1,1,1.0,1
4817.0,1,31.0,24.0,4,3,3,1,1,3.0,2.0,3,1,1,1,1.0,0
2679.0,0,29.0,24.0,9,3,1,1,2,1.0,4.0,0,0,1,1,1.0,1
3905.0,1,36.0,11.0,4,1,2,1,3,2.0,2.0,3,1,1,2,2.0,1
3386.0,1,35.0,12.0,9,3,4,1,2,4.0,3.0,3,1,1,0,1.0,0
343.0,1,27.0,6.0,1,3,1,1,3,1.0,4.0,0,1,1,1,1.0,1
4594.0,0,32.0,18.0,6,3,1,1,0,2.0,3.0,3,1,1,1,1.0,1
3620.0,1,37.0,36.0,3,3,2,1,1,2.0,1.0,3,1,1,1,1.0,1
1721.0,1,36.0,15.0,4,3,1,1,3,3.0,2.0,3,1,1,1,1.0,1
3017.0,2,34.0,12.0,3,3,1,1,3,1.0,3.0,0,0,1,2,1.0,1
754.0,2,38.0,12.0,8,3,4,0,1,4.0,4.0,3,1,1,1,2.0,1
1950.0,0,34.0,18.0,0,3,3,1,0,1.0,4.0,3,1,2,1,2.0,1
2924.0,1,63.0,24.0,9,3,2,1,2,4.0,3.0,3,1,0,1,1.0,1
1659.0,1,29.0,24.0,6,2,1,1,0,2.0,4.0,0,3,1,2,1.0,0
7238.0,0,32.0,48.0,6,2,4,0,0,3.0,3.0,3,1,0,1,2.0,1
2764.0,0,26.0,33.0,0,2,2,1,0,2.0,2.0,0,1,1,1,2.0,1
4679.0,0,35.0,24.0,9,2,3,1,0,3.0,3.0,3,3,1,1,2.0,1
3092.0,2,22.0,24.0,6,3,1,2,0,2.0,3.0,2,1,1,2,1.0,0
448.0,1,23.0,6.0,2,3,1,1,1,4.0,4.0,0,1,1,1,1.0,0
654.0,1,28.0,9.0,4,3,2,1,0,3.0,4.0,3,3,1,1,1.0,0
1238.0,0,36.0,6.0,8,3,0,0,1,4.0,4.0,3,0,1,1,1.0,1
1245.0,2,33.0,18.0,6,1,2,1,0,2.0,4.0,2,1,1,1,1.0,0
3114.0,1,26.0,18.0,3,4,1,1,1,4.0,1.0,0,1,1,2,1.0,0
2569.0,0,24.0,39.0,9,3,2,3,0,4.0,4.0,3,1,1,1,1.0,1
5152.0,3,25.0,24.0,6,3,3,1,0,2.0,4.0,3,1,0,1,1.0,1
1037.0,2,39.0,12.0,0,3,3,2,3,4.0,3.0,3,3,1,1,1.0,1
1478.0,1,44.0,15.0,3,1,4,1,0,4.0,4.0,3,1,1,1,2.0,1
3573.0,2,23.0,12.0,6,1,2,1,3,1.0,1.0,0,3,1,1,1.0,1
1201.0,2,26.0,24.0,4,3,1,1,1,1.0,4.0,3,1,1,1,1.0,1
3622.0,1,57.0,30.0,3,3,4,4,1,4.0,4.0,0,1,1,2,2.0,1
960.0,0,30.0,15.0,3,2,3,4,1,2.0,3.0,0,1,1,1,2.0,1
1163.0,0,44.0,12.0,4,1,2,3,3,4.0,4.0,3,1,1,1,1.0,1
1209.0,2,47.0,6.0,4,2,0,1,1,4.0,4.0,3,0,1,1,1.0,0
3077.0,0,52.0,12.0,6,3,2,1,0,4.0,2.0,3,1,1,1,1.0,1
3757.0,0,62.0,24.0,4,3,4,1,2,4.0,4.0,0,1,1,0,1.0,1
1418.0,0,35.0,10.0,4,3,2,2,3,2.0,3.0,3,3,1,2,1.0,1
3518.0,0,26.0,6.0,4,3,2,1,1,3.0,2.0,3,1,1,2,1.0,1
1934.0,0,26.0,12.0,6,1,4,1,2,2.0,2.0,3,1,1,1,2.0,1
8318.0,2,42.0,27.0,0,4,4,1,2,4.0,2.0,0,0,1,0,2.0,0
1237.0,0,27.0,6.0,6,1,2,2,1,1.0,1.0,0,1,1,1,2.0,1
368.0,2,38.0,6.0,6,3,4,0,1,4.0,4.0,3,1,1,1,1.0,1
2122.0,1,39.0,12.0,4,1,2,1,3,2.0,3.0,3,3,1,2,2.0,1
2996.0,1,20.0,24.0,3,3,2,0,0,4.0,2.0,2,1,1,1,1.0,0
9034.0,2,29.0,36.0,3,3,1,2,2,1.0,4.0,3,0,1,2,1.0,0
1585.0,0,40.0,24.0,3,1,3,1,1,3.0,4.0,3,1,1,1,2.0,1
1301.0,2,32.0,18.0,6,3,4,1,3,2.0,4.0,2,3,1,1,1.0,1
1323.0,3,28.0,6.0,4,1,4,2,0,4.0,2.0,1,1,1,1,2.0,1
3123.0,1,27.0,24.0,4,3,1,1,1,1.0,4.0,0,1,1,1,1.0,0
5493.0,1,42.0,36.0,9,3,4,1,2,4.0,2.0,3,1,1,0,1.0,1
1126.0,3,49.0,9.0,6,3,4,2,3,4.0,2.0,1,1,1,1,1.0,1
1216.0,2,38.0,24.0,6,1,1,2,2,4.0,4.0,3,1,0,1,2.0,0
1207.0,1,24.0,24.0,4,3,1,1,1,4.0,4.0,0,1,1,2,1.0,0
1309.0,0,27.0,10.0,4,3,2,0,1,4.0,4.0,3,3,1,1,1.0,0
2360.0,3,36.0,15.0,9,1,2,3,0,2.0,2.0,3,1,1,1,1.0,1
6850.0,2,34.0,15.0,4,0,0,2,1,2.0,1.0,3,0,1,1,1.0,0
1413.0,0,28.0,24.0,6,3,2,1,1,2.0,4.0,2,1,1,1,1.0,1
8588.0,0,45.0,39.0,9,3,4,2,0,2.0,4.0,3,0,1,1,1.0,1
759.0,1,26.0,12.0,4,3,3,1,3,2.0,4.0,3,1,1,1,1.0,0
4686.0,0,32.0,36.0,9,3,2,1,2,2.0,2.0,3,0,1,0,1.0,1
2687.0,3,26.0,15.0,0,3,3,1,1,4.0,2.0,3,1,1,2,1.0,1
585.0,2,20.0,12.0,6,2,2,1,3,4.0,4.0,2,1,1,2,2.0,1
2255.0,0,54.0,24.0,4,3,1,0,1,1.0,4.0,3,1,1,1,1.0,1
609.0,1,37.0,6.0,4,1,3,1,1,3.0,4.0,0,1,1,1,2.0,1
1361.0,1,40.0,6.0,4,1,1,1,3,4.0,2.0,3,3,1,1,1.0,1
7127.0,0,23.0,36.0,3,1,1,1,1,4.0,2.0,0,1,1,2,2.0,0
1203.0,1,43.0,6.0,4,3,4,2,1,2.0,3.0,3,1,1,1,1.0,1
700.0,0,36.0,6.0,6,1,4,0,2,4.0,4.0,3,1,1,0,2.0,1
5507.0,0,44.0,24.0,7,1,4,1,2,4.0,3.0,3,1,1,0,2.0,1
3190.0,1,24.0,18.0,6,3,2,1,3,2.0,2.0,0,1,1,1,1.0,0
7119.0,1,53.0,48.0,3,4,2,1,2,4.0,3.0,3,1,1,0,2.0,0
3488.0,0,23.0,24.0,9,3,3,2,0,4.0,3.0,0,1,1,1,1.0,1
1113.0,2,26.0,18.0,6,3,2,1,3,4.0,4.0,0,3,1,1,1.0,1
7966.0,2,30.0,26.0,9,3,1,1,0,3.0,2.0,3,1,1,1,2.0,1
1532.0,0,31.0,15.0,2,1,2,2,0,3.0,4.0,0,1,1,1,1.0,1
1503.0,0,42.0,4.0,6,1,3,1,3,1.0,2.0,3,3,1,1,2.0,1
2302.0,1,31.0,36.0,6,3,2,1,0,4.0,4.0,1,1,1,2,1.0,0
662.0,1,41.0,6.0,4,3,1,1,3,4.0,3.0,3,3,1,1,1.0,1
2273.0,2,32.0,36.0,2,3,3,1,0,1.0,3.0,3,1,1,1,2.0,1
2631.0,2,28.0,15.0,4,3,2,2,0,4.0,2.0,0,1,1,2,2.0,0
1503.0,0,41.0,12.0,9,2,2,1,3,4.0,4.0,2,1,1,2,1.0,1
1311.0,0,26.0,24.0,6,3,3,2,1,3.0,4.0,2,1,1,1,1.0,1
3105.0,0,25.0,24.0,6,3,1,0,0,2.0,4.0,3,1,1,1,2.0,1
2319.0,3,33.0,21.0,2,1,1,1,0,1.0,2.0,1,1,1,2,1.0,0
1374.0,1,75.0,6.0,4,3,0,0,1,3.0,4.0,0,0,1,1,1.0,1
3612.0,2,37.0,18.0,3,1,4,1,1,4.0,3.0,0,1,1,1,1.0,1
7763.0,1,42.0,48.0,4,3,4,1,2,4.0,4.0,3,0,0,0,1.0,0
3049.0,3,45.0,18.0,3,3,1,1,1,1.0,1.0,0,3,2,1,1.0,1
1534.0,2,23.0,12.0,6,3,1,1,3,1.0,1.0,2,1,1,2,1.0,0
2032.0,0,60.0,24.0,4,2,4,1,2,4.0,4.0,3,1,1,0,2.0,1
6350.0,1,31.0,30.0,3,3,4,0,1,4.0,4.0,3,1,1,1,1.0,0
2864.0,3,34.0,18.0,3,3,2,1,3,1.0,2.0,3,3,1,1,1.0,0
1255.0,0,61.0,12.0,4,1,4,1,3,4.0,4.0,3,3,1,1,2.0,1
1333.0,1,43.0,24.0,4,2,0,1,3,2.0,4.0,3,1,1,0,2.0,0
2022.0,0,37.0,24.0,4,1,2,1,0,4.0,4.0,0,1,1,1,1.0,1
1552.0,0,32.0,24.0,6,3,3,1,0,1.0,3.0,3,1,0,1,1.0,1
626.0,1,24.0,12.0,6,0,2,1,3,4.0,4.0,0,3,0,1,1.0,0
8858.0,0,35.0,48.0,9,1,3,0,2,1.0,2.0,3,1,1,0,2.0,1
996.0,0,23.0,12.0,7,1,3,0,3,4.0,4.0,0,1,1,1,2.0,1
1750.0,0,45.0,6.0,6,0,4,3,1,4.0,2.0,3,3,0,1,1.0,1
6999.0,1,34.0,48.0,6,3,3,1,3,1.0,1.0,2,1,1,1,2.0,0
1995.0,2,27.0,12.0,4,1,1,2,0,1.0,4.0,3,1,1,1,1.0,1
1199.0,2,67.0,9.0,2,3,3,1,1,4.0,4.0,0,0,1,1,2.0,1
1331.0,2,22.0,12.0,6,3,1,1,0,1.0,2.0,3,1,2,1,1.0,0
2278.0,2,28.0,18.0,4,4,1,2,0,3.0,3.0,0,1,1,1,2.0,0
5003.0,0,29.0,21.0,4,4,2,0,1,4.0,1.0,0,1,0,1,2.0,0
3552.0,1,27.0,24.0,3,0,3,1,0,4.0,3.0,3,1,0,1,1.0,0
1928.0,2,31.0,18.0,3,1,1,1,3,2.0,2.0,3,3,1,1,2.0,0
2964.0,1,49.0,24.0,9,3,4,0,2,4.0,4.0,3,1,0,0,1.0,1
1546.0,1,24.0,24.0,6,0,3,1,0,4.0,4.0,3,3,0,2,1.0,0
683.0,3,29.0,6.0,6,2,1,1,1,1.0,2.0,0,1,0,1,1.0,1
12389.0,2,37.0,36.0,4,3,2,0,2,4.0,1.0,3,1,1,0,1.0,0
4712.0,2,37.0,24.0,0,2,2,0,1,2.0,4.0,3,0,0,1,2.0,1
1553.0,2,23.0,24.0,6,2,3,2,1,2.0,3.0,0,1,1,2,2.0,1
1372.0,1,36.0,12.0,4,3,3,1,0,3.0,2.0,1,1,1,1,1.0,0
2578.0,0,34.0,24.0,6,1,4,4,0,2.0,2.0,3,1,1,1,1.0,1
3979.0,2,41.0,48.0,6,3,3,0,0,1.0,4.0,3,1,1,1,2.0,1
6758.0,1,31.0,48.0,6,3,2,1,0,2.0,3.0,0,1,1,1,1.0,0
3234.0,1,23.0,24.0,3,3,1,1,3,4.0,4.0,0,3,1,2,1.0,0
5954.0,0,38.0,30.0,6,1,3,1,0,2.0,3.0,3,1,1,1,1.0,1
5433.0,0,26.0,24.0,9,3,0,0,1,4.0,2.0,0,0,1,2,1.0,1
806.0,1,22.0,15.0,0,3,2,1,1,4.0,4.0,0,3,1,1,1.0,1
1082.0,2,27.0,9.0,6,3,4,1,0,4.0,4.0,3,3,1,1,2.0,1
2788.0,0,24.0,15.0,3,1,3,1,0,3.0,2.0,0,1,0,1,2.0,1
2930.0,2,27.0,12.0,6,3,3,1,3,1.0,2.0,0,1,1,1,1.0,1
1927.0,0,33.0,24.0,2,1,2,0,0,2.0,3.0,0,1,1,1,2.0,1
2820.0,2,27.0,36.0,4,1,1,1,0,4.0,4.0,1,1,1,1,2.0,0
937.0,0,27.0,24.0,8,3,1,1,0,3.0,4.0,2,3,1,1,2.0,1
1056.0,2,30.0,18.0,4,1,4,1,3,3.0,3.0,3,1,0,1,2.0,0
3124.0,2,49.0,12.0,4,1,1,1,3,3.0,1.0,3,3,0,1,2.0,1
1388.0,0,26.0,9.0,3,3,2,1,3,2.0,4.0,0,1,1,2,1.0,1
2384.0,2,33.0,36.0,7,3,1,1,2,1.0,4.0,3,3,1,2,1.0,0
2133.0,0,52.0,12.0,4,3,4,0,2,4.0,4.0,0,0,1,0,1.0,1
2039.0,1,20.0,18.0,3,3,2,1,3,4.0,1.0,0,1,0,2,1.0,0
2799.0,1,36.0,9.0,4,1,2,1,3,2.0,2.0,3,1,1,2,2.0,1
1289.0,1,21.0,12.0,3,3,2,1,1,1.0,4.0,3,3,1,1,1.0,1
1217.0,1,47.0,18.0,1,3,2,1,3,3.0,4.0,2,3,1,1,1.0,0
2246.0,1,60.0,12.0,3,1,4,1,1,3.0,3.0,3,1,1,1,2.0,0
385.0,1,58.0,12.0,6,1,3,1,3,3.0,4.0,0,3,1,1,4.0,1
1965.0,2,42.0,24.0,4,2,2,0,0,4.0,4.0,0,1,1,2,2.0,1
1572.0,0,36.0,21.0,0,3,4,4,3,4.0,4.0,0,3,0,1,1.0,1
2718.0,2,20.0,24.0,4,3,2,1,1,4.0,3.0,0,3,1,2,1.0,0
1358.0,1,40.0,24.0,5,0,4,0,0,3.0,4.0,3,0,2,1,1.0,0
931.0,2,32.0,6.0,4,0,1,2,1,1.0,1.0,0,3,2,1,1.0,0
1442.0,1,23.0,24.0,4,3,3,1,0,4.0,4.0,0,1,1,2,2.0,0
4241.0,2,36.0,24.0,0,4,2,1,3,4.0,1.0,3,3,1,1,3.0,0
2775.0,0,31.0,18.0,4,1,3,1,1,2.0,2.0,3,1,0,1,2.0,0
3863.0,0,32.0,24.0,0,2,2,1,2,2.0,1.0,3,1,1,0,1.0,1
2329.0,2,45.0,7.0,6,3,1,1,3,1.0,1.0,0,1,1,1,1.0,1
918.0,2,30.0,9.0,3,3,2,1,1,1.0,4.0,0,1,1,1,1.0,0
1837.0,2,34.0,24.0,2,0,3,1,2,4.0,4.0,0,3,0,0,1.0,0
3349.0,0,28.0,36.0,3,3,2,1,0,2.0,4.0,0,0,1,1,1.0,0
1275.0,3,23.0,10.0,3,3,1,1,1,2.0,4.0,0,1,1,1,1.0,1
2828.0,1,22.0,24.0,3,0,2,3,3,4.0,4.0,3,1,2,1,1.0,1
4526.0,0,74.0,24.0,0,1,2,1,3,2.0,3.0,3,0,1,1,1.0,1
2671.0,2,50.0,36.0,6,3,2,2,2,4.0,4.0,0,1,1,0,1.0,0
2051.0,0,33.0,18.0,6,3,1,1,3,1.0,4.0,3,1,1,1,1.0,1
1300.0,0,45.0,15.0,9,3,4,0,2,4.0,4.0,3,1,0,0,1.0,1
741.0,1,22.0,12.0,1,3,0,2,1,3.0,4.0,0,1,1,1,1.0,0
1240.0,3,48.0,10.0,4,3,4,2,2,4.0,1.0,0,3,1,0,1.0,0
3357.0,1,29.0,21.0,6,3,1,4,0,2.0,4.0,0,1,0,1,1.0,1
3632.0,1,22.0,24.0,9,0,2,1,0,4.0,1.0,0,1,0,2,1.0,1
1808.0,0,22.0,18.0,3,2,3,1,3,1.0,4.0,0,1,1,1,1.0,0
12204.0,2,48.0,48.0,0,4,2,0,0,2.0,2.0,3,0,0,1,1.0,1
9157.0,2,27.0,60.0,6,2,2,0,2,2.0,2.0,3,0,1,0,1.0,1
3676.0,1,37.0,6.0,4,1,2,1,3,3.0,1.0,3,1,1,2,3.0,1
3441.0,2,21.0,30.0,3,3,2,2,0,4.0,2.0,0,1,1,2,1.0,0
640.0,0,49.0,12.0,4,3,2,1,3,2.0,4.0,1,3,1,1,1.0,1
3652.0,2,27.0,21.0,0,1,3,1,1,3.0,2.0,3,1,1,1,2.0,1
1530.0,0,32.0,18.0,4,1,2,1,1,2.0,3.0,3,1,0,1,2.0,0
3914.0,0,38.0,48.0,0,3,2,0,3,2.0,4.0,1,1,0,1,1.0,0
1858.0,1,22.0,12.0,3,3,1,1,0,1.0,4.0,0,1,1,2,1.0,1
2600.0,1,65.0,18.0,6,3,2,1,2,4.0,4.0,3,1,1,0,2.0,0
1979.0,0,35.0,15.0,6,3,4,0,0,2.0,4.0,3,1,1,1,1.0,1
2116.0,3,41.0,6.0,3,3,2,1,3,2.0,2.0,3,1,1,1,1.0,1
1437.0,2,29.0,9.0,4,0,3,2,2,3.0,2.0,3,1,1,1,1.0,0
4042.0,0,36.0,42.0,3,1,2,3,3,4.0,4.0,3,1,1,1,2.0,1
3832.0,0,64.0,9.0,2,3,4,0,3,4.0,1.0,3,3,1,1,1.0,1
3660.0,1,28.0,24.0,6,3,2,1,0,4.0,2.0,0,1,1,1,1.0,1
1553.0,1,44.0,18.0,3,0,2,1,0,3.0,4.0,3,1,0,1,1.0,0
1444.0,2,23.0,15.0,6,3,1,0,1,1.0,4.0,3,1,1,1,1.0,1
1980.0,0,19.0,9.0,3,3,1,1,0,2.0,2.0,0,1,1,2,2.0,0
1355.0,2,25.0,24.0,4,3,1,1,0,4.0,3.0,0,3,1,1,1.0,0
1393.0,0,47.0,12.0,2,3,4,1,1,4.0,4.0,3,1,0,1,3.0,1
1376.0,0,28.0,24.0,6,3,3,3,0,1.0,4.0,0,1,1,1,1.0,1
15653.0,0,21.0,60.0,6,2,3,1,0,4.0,2.0,3,1,1,1,2.0,1
1493.0,0,34.0,12.0,6,3,1,1,0,3.0,4.0,0,1,1,1,1.0,1
4370.0,1,26.0,42.0,6,2,3,1,1,2.0,3.0,3,1,0,1,2.0,0
750.0,1,27.0,18.0,2,3,0,1,3,1.0,4.0,0,2,1,1,1.0,0
1308.0,2,38.0,15.0,7,3,4,1,0,4.0,4.0,3,3,1,1,2.0,1
4623.0,0,40.0,15.0,2,3,2,2,1,2.0,3.0,3,0,1,1,1.0,0
1851.0,0,33.0,24.0,6,1,3,1,0,2.0,4.0,2,1,1,1,2.0,1
1880.0,1,32.0,18.0,6,1,3,1,1,1.0,4.0,2,0,1,1,2.0,1
7980.0,0,27.0,36.0,0,2,1,0,0,4.0,4.0,3,1,1,2,2.0,0
4583.0,1,32.0,30.0,3,4,2,1,3,2.0,2.0,1,1,1,1,2.0,1
1386.0,0,26.0,12.0,4,3,2,3,1,2.0,2.0,0,1,1,1,1.0,0
947.0,3,38.0,24.0,4,3,3,1,2,3.0,4.0,3,1,0,0,1.0,0
684.0,1,40.0,12.0,2,3,2,1,0,4.0,4.0,3,3,1,2,1.0,0
7476.0,1,50.0,48.0,2,3,3,1,2,1.0,4.0,3,0,1,0,1.0,1
1922.0,2,37.0,12.0,3,3,2,1,1,2.0,4.0,3,3,1,1,1.0,0
2303.0,1,45.0,24.0,4,3,4,1,3,1.0,4.0,3,1,1,1,1.0,0
8086.0,2,42.0,36.0,4,2,4,2,0,4.0,2.0,3,0,1,1,4.0,0
2346.0,0,35.0,24.0,9,1,3,1,0,3.0,4.0,3,1,1,1,2.0,1
3973.0,1,22.0,14.0,4,3,0,1,2,4.0,1.0,3,1,1,0,1.0,1
888.0,2,41.0,12.0,4,3,4,1,0,4.0,4.0,3,3,0,1,1.0,0
10222.0,0,37.0,48.0,6,3,3,0,0,3.0,4.0,3,1,2,1,1.0,1
4221.0,2,28.0,30.0,0,4,2,1,0,1.0,2.0,0,1,1,1,2.0,1
6361.0,2,41.0,18.0,3,1,4,1,2,1.0,2.0,3,1,1,1,1.0,1
1297.0,3,23.0,12.0,6,3,2,1,3,4.0,3.0,2,1,1,2,1.0,1
900.0,1,23.0,12.0,4,3,2,0,0,2.0,4.0,2,1,1,1,1.0,0
2241.0,0,50.0,21.0,3,3,4,1,3,2.0,4.0,3,1,1,1,2.0,1
1050.0,2,35.0,6.0,3,2,0,1,1,1.0,4.0,3,0,2,1,2.0,1
1047.0,3,50.0,6.0,2,1,2,1,1,4.0,2.0,0,3,1,1,1.0,1
6314.0,0,27.0,24.0,5,1,0,1,2,2.0,4.0,3,0,0,1,2.0,1
3496.0,2,34.0,30.0,3,0,2,4,0,2.0,4.0,3,1,2,1,1.0,1
3609.0,0,27.0,48.0,0,0,2,1,3,1.0,1.0,0,1,2,1,1.0,1
4843.0,1,43.0,12.0,4,1,4,1,1,4.0,3.0,3,1,1,2,2.0,0
3017.0,3,47.0,30.0,6,1,4,1,1,4.0,4.0,3,1,1,1,1.0,1
4139.0,0,27.0,24.0,0,1,2,2,1,3.0,3.0,3,3,1,1,2.0,1
5742.0,0,31.0,36.0,0,3,3,2,0,2.0,2.0,3,1,1,1,2.0,1
10366.0,0,42.0,60.0,4,3,4,1,1,4.0,2.0,3,0,1,1,1.0,1
2080.0,0,24.0,6.0,4,1,2,3,0,2.0,1.0,2,1,1,1,1.0,1
2580.0,0,41.0,21.0,0,2,1,3,3,2.0,4.0,3,3,0,1,1.0,0
4530.0,0,26.0,30.0,6,1,3,1,0,4.0,4.0,0,0,1,2,1.0,1
5150.0,0,33.0,24.0,3,1,4,1,0,4.0,4.0,3,1,1,1,1.0,1
5595.0,2,24.0,72.0,6,3,2,2,0,2.0,2.0,2,1,1,1,1.0,0
2384.0,1,64.0,24.0,6,3,4,1,3,4.0,4.0,3,3,0,2,1.0,1
1453.0,0,26.0,18.0,6,3,1,1,3,1.0,3.0,0,1,1,1,1.0,1
1538.0,0,56.0,6.0,2,3,1,1,2,2.0,1.0,0,1,1,1,1.0,1
2279.0,0,37.0,12.0,6,3,2,0,2,4.0,4.0,3,1,1,0,1.0,1
1478.0,0,33.0,15.0,6,2,2,1,3,3.0,4.0,2,1,0,1,2.0,1
5103.0,0,47.0,24.0,6,1,1,1,2,3.0,3.0,2,1,1,0,3.0,1
9857.0,2,31.0,36.0,0,2,3,2,1,3.0,1.0,3,3,1,1,2.0,1
6527.0,0,34.0,60.0,4,3,2,0,2,4.0,4.0,3,1,1,0,1.0,1
1347.0,3,27.0,10.0,6,1,3,0,1,2.0,4.0,3,1,1,1,2.0,1
2862.0,2,30.0,36.0,4,2,4,2,2,3.0,4.0,3,1,1,0,1.0,1
2753.0,0,35.0,9.0,6,3,4,2,0,4.0,3.0,3,1,1,1,1.0,1
3651.0,1,31.0,12.0,4,3,2,4,1,3.0,1.0,3,1,1,1,1.0,1
975.0,1,25.0,15.0,3,1,2,1,1,3.0,2.0,1,1,1,1,2.0,1
2631.0,2,25.0,15.0,7,3,2,2,3,2.0,3.0,0,3,1,1,1.0,1
2896.0,2,29.0,24.0,6,3,1,2,0,1.0,2.0,3,1,1,1,1.0,1
4716.0,1,44.0,6.0,4,1,1,0,3,3.0,1.0,3,3,1,1,2.0,1
2284.0,0,28.0,24.0,6,3,3,1,0,2.0,4.0,3,1,1,1,1.0,1
1236.0,0,50.0,6.0,9,3,2,3,1,4.0,2.0,3,1,1,2,1.0,1
1103.0,2,29.0,12.0,6,3,3,1,3,3.0,4.0,3,1,1,1,2.0,1
926.0,0,38.0,12.0,4,1,0,1,1,2.0,1.0,0,2,1,1,1.0,1
1800.0,0,24.0,18.0,6,1,2,1,0,2.0,4.0,3,1,1,1,2.0,1
1905.0,3,40.0,15.0,2,3,4,1,0,4.0,4.0,3,0,1,2,1.0,1
1123.0,0,29.0,12.0,3,3,2,3,0,4.0,4.0,0,3,1,2,1.0,0
6331.0,1,46.0,48.0,9,1,4,1,2,4.0,4.0,3,1,1,0,2.0,0
1377.0,3,47.0,24.0,6,3,4,2,2,2.0,4.0,0,1,1,0,1.0,1
2503.0,2,41.0,30.0,0,2,4,2,1,2.0,4.0,3,1,2,1,2.0,1
2528.0,2,32.0,27.0,0,3,1,1,1,1.0,4.0,0,1,1,1,1.0,1
5324.0,0,35.0,15.0,4,3,4,3,2,4.0,1.0,0,1,1,0,1.0,1
6560.0,2,24.0,48.0,4,3,3,2,1,2.0,3.0,3,1,1,1,1.0,0
2969.0,2,25.0,12.0,3,4,1,1,1,3.0,4.0,0,1,1,2,2.0,0
1206.0,2,25.0,9.0,6,3,4,1,3,4.0,4.0,0,1,1,1,1.0,1
2118.0,2,37.0,9.0,6,3,2,1,3,2.0,2.0,3,3,1,1,1.0,1
629.0,0,32.0,18.0,6,1,4,3,1,3.0,4.0,3,0,0,1,2.0,1
1198.0,1,35.0,6.0,2,0,4,1,2,4.0,4.0,0,1,1,0,1.0,0
2476.0,0,46.0,21.0,9,3,4,0,3,4.0,4.0,3,0,1,1,1.0,1
1138.0,1,25.0,9.0,6,1,2,1,3,4.0,4.0,3,3,1,1,2.0,1
14027.0,2,27.0,60.0,4,3,3,1,2,2.0,4.0,3,0,1,1,1.0,0
7596.0,0,63.0,30.0,9,1,4,0,0,4.0,1.0,3,1,1,1,2.0,1
3077.0,0,40.0,30.0,6,1,4,0,0,2.0,3.0,3,1,1,1,2.0,1
1505.0,0,32.0,18.0,6,3,2,1,2,2.0,4.0,3,0,1,0,1.0,1
3148.0,3,31.0,24.0,6,1,2,0,0,2.0,3.0,3,1,1,1,2.0,1
6148.0,2,31.0,20.0,9,4,4,2,0,4.0,3.0,2,1,0,1,2.0,1
1337.0,3,34.0,9.0,6,4,1,1,0,2.0,4.0,3,0,1,1,2.0,0
433.0,2,24.0,6.0,2,0,1,4,1,2.0,4.0,0,1,0,2,1.0,0
1228.0,1,24.0,12.0,4,3,2,1,3,2.0,4.0,0,3,1,1,1.0,0
790.0,2,66.0,9.0,6,3,2,3,3,3.0,4.0,0,3,1,1,1.0,1
2570.0,0,21.0,27.0,4,3,2,1,3,3.0,3.0,0,1,1,2,1.0,0
250.0,0,41.0,6.0,4,1,2,4,3,2.0,2.0,0,3,0,1,2.0,1
1316.0,0,47.0,15.0,6,1,2,3,1,2.0,2.0,2,3,1,1,2.0,1
1882.0,1,25.0,18.0,6,3,2,1,0,4.0,4.0,0,1,0,2,2.0,0
6416.0,2,59.0,48.0,0,0,4,1,2,3.0,4.0,0,1,1,2,1.0,0
1275.0,3,36.0,24.0,0,1,2,4,3,4.0,2.0,1,1,1,1,2.0,1
6403.0,2,33.0,24.0,6,2,1,1,0,2.0,1.0,3,1,1,1,1.0,1
1987.0,1,21.0,24.0,6,3,2,1,3,4.0,2.0,3,3,1,2,1.0,0
760.0,2,44.0,8.0,6,3,3,1,3,2.0,4.0,0,3,1,1,1.0,1
2603.0,0,28.0,24.0,9,3,2,4,0,4.0,2.0,0,1,1,2,1.0,1
3380.0,0,37.0,4.0,4,1,3,1,3,1.0,1.0,0,1,1,1,1.0,1
3990.0,2,29.0,36.0,1,0,1,0,2,2.0,3.0,0,2,0,1,1.0,1
11560.0,2,23.0,24.0,9,3,2,1,0,4.0,1.0,0,0,1,2,2.0,0
4380.0,1,35.0,18.0,4,3,2,2,0,4.0,3.0,3,3,1,1,1.0,1
6761.0,0,45.0,6.0,4,1,3,1,2,3.0,1.0,3,0,1,1,2.0,1
4280.0,2,26.0,30.0,0,4,2,2,0,4.0,4.0,0,3,1,2,2.0,0
2325.0,1,32.0,24.0,4,0,3,2,0,3.0,2.0,3,1,0,1,1.0,1
1048.0,2,23.0,10.0,6,0,2,1,3,4.0,4.0,3,3,2,1,1.0,1
3160.0,0,41.0,21.0,6,3,4,0,1,3.0,4.0,3,1,1,1,1.0,1
2483.0,1,22.0,24.0,3,0,2,3,3,4.0,4.0,3,1,2,1,1.0,1
14179.0,1,30.0,39.0,3,1,3,0,1,4.0,4.0,3,0,1,1,2.0,1
1797.0,1,28.0,13.0,0,1,1,1,1,1.0,3.0,3,3,0,1,2.0,1
2511.0,1,23.0,15.0,4,3,0,1,0,4.0,1.0,0,1,1,2,1.0,1
1274.0,1,37.0,12.0,4,3,1,1,3,1.0,3.0,0,3,1,1,1.0,0
5248.0,0,26.0,21.0,9,3,2,0,0,3.0,1.0,3,1,1,1,1.0,1
3029.0,0,33.0,15.0,9,3,3,1,0,2.0,2.0,3,1,1,1,1.0,1
428.0,1,49.0,6.0,3,3,4,1,1,1.0,2.0,0,1,0,1,1.0,1
976.0,1,23.0,18.0,4,3,1,1,0,2.0,1.0,0,3,1,1,1.0,0
841.0,2,23.0,12.0,0,3,3,2,3,4.0,2.0,0,3,1,2,1.0,1
5771.0,0,25.0,30.0,6,1,3,1,0,2.0,4.0,0,1,1,1,2.0,1
1555.0,0,55.0,12.0,7,2,4,4,2,4.0,4.0,3,1,1,0,2.0,0
1285.0,1,32.0,24.0,4,3,3,0,2,4.0,4.0,0,1,1,2,1.0,0
1299.0,3,74.0,6.0,4,1,2,1,3,1.0,1.0,3,2,1,1,3.0,1
1271.0,3,39.0,15.0,6,1,2,0,2,4.0,3.0,3,1,1,0,2.0,0
1393.0,0,31.0,24.0,4,3,2,1,3,2.0,2.0,3,1,1,1,1.0,1
691.0,1,35.0,12.0,4,1,4,1,1,3.0,4.0,3,1,1,1,2.0,0
5045.0,0,59.0,15.0,4,1,4,0,0,4.0,1.0,0,1,1,1,1.0,1
2124.0,1,24.0,18.0,3,1,2,1,3,4.0,4.0,0,1,1,2,2.0,0
2214.0,1,24.0,12.0,6,3,2,1,1,3.0,4.0,3,3,1,1,1.0,1
12680.0,0,30.0,21.0,4,1,4,0,2,4.0,4.0,3,0,1,0,1.0,0
2463.0,0,27.0,24.0,4,1,3,2,1,3.0,4.0,2,1,1,1,2.0,1
1155.0,2,40.0,12.0,6,3,4,1,3,3.0,3.0,2,3,0,1,2.0,1
3108.0,1,31.0,30.0,3,3,1,1,1,4.0,2.0,1,3,1,1,1.0,0
2901.0,0,31.0,10.0,9,3,1,0,3,4.0,1.0,0,1,1,2,1.0,1
3617.0,2,28.0,12.0,3,1,4,1,0,4.0,1.0,3,1,1,2,3.0,1
1655.0,0,63.0,12.0,6,1,4,1,3,4.0,2.0,3,3,1,1,2.0,1
2812.0,1,26.0,24.0,9,3,4,0,3,4.0,2.0,0,1,1,2,1.0,1
8065.0,1,25.0,36.0,2,1,2,1,2,2.0,3.0,0,0,1,1,2.0,0
3275.0,0,36.0,21.0,9,1,4,1,0,4.0,1.0,3,0,1,1,1.0,1
2223.0,0,52.0,24.0,6,1,4,2,1,4.0,4.0,3,1,0,1,2.0,1
1480.0,3,66.0,12.0,4,1,0,3,2,4.0,2.0,3,2,0,0,3.0,1
1371.0,1,25.0,24.0,4,3,2,0,3,4.0,4.0,0,1,1,2,1.0,0
3535.0,0,37.0,36.0,4,1,3,1,0,4.0,4.0,3,1,1,1,2.0,1
3509.0,1,25.0,18.0,6,3,3,1,3,1.0,4.0,0,1,1,1,1.0,1
5711.0,0,38.0,36.0,9,1,4,4,0,2.0,4.0,3,0,1,1,2.0,1
3872.0,2,67.0,18.0,7,3,0,1,0,4.0,2.0,0,1,1,1,1.0,1
4933.0,2,25.0,39.0,6,1,3,1,3,2.0,2.0,3,1,1,1,2.0,0
1940.0,0,60.0,24.0,4,1,4,4,3,4.0,4.0,3,1,1,1,1.0,1
1410.0,2,31.0,12.0,8,4,2,1,3,2.0,2.0,3,3,1,1,1.0,1
836.0,2,23.0,12.0,4,3,1,2,1,2.0,4.0,0,3,0,1,1.0,0
6468.0,2,60.0,20.0,9,3,0,0,3,4.0,1.0,1,0,1,1,1.0,1
1941.0,2,35.0,18.0,0,3,2,4,1,2.0,4.0,3,3,1,1,1.0,1
2675.0,0,40.0,22.0,6,3,4,3,0,4.0,3.0,3,1,1,1,1.0,1
2751.0,0,38.0,48.0,9,1,4,0,0,3.0,4.0,3,1,1,1,2.0,1
6224.0,2,50.0,48.0,2,2,4,1,2,4.0,4.0,3,1,1,0,1.0,0
5998.0,1,27.0,40.0,2,1,2,1,2,3.0,4.0,3,1,0,1,1.0,0
1188.0,2,39.0,21.0,0,3,4,1,1,4.0,2.0,0,1,1,1,1.0,0
6313.0,0,41.0,24.0,9,3,4,0,0,4.0,3.0,3,0,1,1,1.0,1
1221.0,0,27.0,6.0,3,1,2,0,1,2.0,1.0,2,1,1,1,2.0,1
2892.0,3,51.0,24.0,3,3,4,1,2,4.0,3.0,1,1,1,0,1.0,1
3062.0,0,32.0,24.0,3,3,4,3,2,3.0,4.0,3,1,1,2,1.0,1
2301.0,0,22.0,9.0,3,3,1,2,1,4.0,2.0,0,1,1,2,1.0,1
7511.0,1,51.0,18.0,9,3,4,0,1,4.0,1.0,3,1,1,0,1.0,0
1258.0,0,22.0,12.0,3,1,1,1,1,4.0,2.0,0,3,1,2,2.0,1
717.0,0,54.0,24.0,4,2,4,0,0,4.0,4.0,2,1,1,1,2.0,1
1549.0,2,35.0,9.0,4,3,1,0,3,2.0,4.0,3,2,1,1,1.0,1
1597.0,0,54.0,24.0,2,1,4,1,2,4.0,4.0,3,1,1,0,2.0,1
1795.0,2,48.0,18.0,6,1,4,1,3,4.0,3.0,0,3,0,2,2.0,1
4272.0,1,24.0,20.0,3,1,4,1,1,4.0,1.0,0,1,1,1,2.0,1
976.0,0,35.0,12.0,6,1,4,0,0,4.0,4.0,3,1,1,1,2.0,1
7472.0,2,24.0,12.0,4,3,0,0,3,2.0,1.0,0,2,1,2,1.0,1
9271.0,1,24.0,36.0,4,3,3,1,0,1.0,2.0,3,1,1,1,1.0,0
590.0,2,26.0,6.0,6,3,1,1,3,3.0,3.0,2,3,1,1,1.0,1
930.0,0,65.0,12.0,6,1,4,0,3,4.0,4.0,3,1,1,1,4.0,1
9283.0,2,55.0,42.0,9,0,0,1,2,2.0,1.0,3,0,0,0,1.0,1
1778.0,2,26.0,15.0,4,4,1,1,3,1.0,2.0,0,2,1,2,2.0,0
907.0,2,26.0,8.0,0,3,1,1,3,2.0,3.0,2,1,1,1,1.0,1
484.0,2,28.0,6.0,6,3,3,1,3,3.0,3.0,2,3,0,1,1.0,1
9629.0,1,24.0,36.0,9,1,3,1,0,4.0,4.0,3,1,1,1,2.0,0
3051.0,1,54.0,48.0,1,3,2,1,0,4.0,3.0,3,1,1,1,1.0,0
3931.0,1,46.0,48.0,4,3,3,1,2,4.0,4.0,3,1,1,0,1.0,0
7432.0,2,54.0,36.0,4,2,2,1,1,2.0,2.0,0,1,1,2,1.0,1
1338.0,0,62.0,6.0,1,3,2,3,3,4.0,1.0,1,1,1,1,1.0,1
1554.0,0,24.0,6.0,6,1,3,1,0,2.0,1.0,0,1,1,2,2.0,1
15857.0,1,43.0,36.0,5,3,0,1,0,3.0,2.0,1,0,1,1,1.0,1
1345.0,1,26.0,18.0,6,3,2,1,3,3.0,4.0,2,1,0,1,1.0,0
1101.0,0,27.0,12.0,4,3,2,1,3,2.0,3.0,2,1,1,1,2.0,1
3016.0,3,24.0,12.0,6,3,2,1,0,1.0,3.0,2,1,1,1,1.0,1
2712.0,1,41.0,36.0,3,3,4,1,1,2.0,2.0,3,1,0,1,1.0,0
731.0,1,47.0,8.0,4,1,4,1,3,4.0,4.0,3,3,1,1,2.0,1
3780.0,0,35.0,18.0,3,1,1,1,0,2.0,3.0,1,0,1,1,2.0,1
1602.0,1,30.0,21.0,4,1,4,1,0,3.0,4.0,2,1,1,1,2.0,1
3966.0,1,33.0,18.0,4,1,4,1,3,4.0,1.0,0,1,0,2,3.0,0
4165.0,0,36.0,18.0,0,4,2,1,0,2.0,2.0,3,1,2,1,2.0,0
8335.0,1,47.0,36.0,9,3,4,0,2,4.0,3.0,3,1,1,0,1.0,0
6681.0,2,38.0,48.0,0,2,2,0,2,4.0,4.0,3,1,1,0,1.0,1
2375.0,0,44.0,24.0,0,2,2,3,0,2.0,4.0,3,1,1,1,2.0,1
1216.0,1,23.0,18.0,4,3,1,1,0,3.0,4.0,0,1,1,2,1.0,0
11816.0,1,29.0,45.0,0,4,4,1,0,4.0,2.0,3,1,1,2,2.0,0
5084.0,2,42.0,24.0,6,3,4,0,0,4.0,2.0,0,1,1,1,1.0,1
2327.0,3,25.0,15.0,6,3,1,1,3,3.0,2.0,0,3,1,1,1.0,0
1082.0,1,48.0,12.0,4,4,2,1,0,4.0,4.0,3,1,0,1,2.0,0
886.0,0,21.0,12.0,6,3,2,0,0,2.0,4.0,0,1,1,1,1.0,1
601.0,0,23.0,4.0,3,3,1,1,3,3.0,1.0,0,3,1,2,1.0,1
2957.0,1,63.0,24.0,9,1,4,1,1,4.0,4.0,3,1,1,1,2.0,1
2611.0,0,46.0,24.0,6,1,4,1,3,3.0,4.0,2,1,1,1,2.0,1
5179.0,1,29.0,36.0,3,3,3,1,1,2.0,4.0,3,1,1,1,1.0,0
2993.0,0,28.0,21.0,9,2,2,1,3,2.0,3.0,3,3,2,1,2.0,1
1943.0,0,23.0,18.0,7,3,1,1,3,4.0,4.0,0,1,1,1,1.0,0
1559.0,0,50.0,24.0,0,0,3,1,0,4.0,4.0,3,1,0,1,1.0,1
3422.0,0,47.0,18.0,3,3,4,1,1,4.0,4.0,3,1,0,1,3.0,1
3976.0,2,35.0,21.0,3,3,3,0,0,3.0,2.0,3,1,1,1,1.0,1
6761.0,0,68.0,18.0,4,3,2,0,0,4.0,2.0,3,1,1,2,2.0,0
1249.0,0,28.0,24.0,4,3,1,1,3,2.0,4.0,2,1,1,1,1.0,1
1364.0,1,59.0,9.0,6,3,3,1,3,4.0,3.0,3,1,1,1,1.0,1
709.0,1,57.0,12.0,6,3,4,1,3,4.0,4.0,3,3,2,1,1.0,0
2235.0,1,33.0,20.0,4,1,2,1,1,2.0,4.0,2,1,0,2,2.0,0
4042.0,0,43.0,24.0,9,1,3,0,1,4.0,3.0,3,1,1,1,2.0,1
1471.0,0,35.0,15.0,6,1,2,1,2,4.0,4.0,3,1,1,0,2.0,1
1442.0,1,32.0,18.0,4,0,3,1,2,4.0,4.0,3,3,1,0,2.0,0
10875.0,0,45.0,36.0,4,2,4,1,0,2.0,2.0,3,1,1,1,2.0,1
1474.0,0,33.0,24.0,4,3,1,2,3,3.0,4.0,2,1,1,1,1.0,1
894.0,0,40.0,10.0,8,3,3,0,1,3.0,4.0,0,1,1,1,1.0,1
3343.0,0,28.0,15.0,3,1,2,1,2,2.0,4.0,3,1,1,0,1.0,1
3959.0,1,29.0,15.0,4,3,2,1,1,2.0,3.0,0,1,1,1,1.0,0
3577.0,0,26.0,9.0,4,3,2,2,3,2.0,1.0,3,1,1,2,1.0,1
5804.0,0,27.0,24.0,9,1,2,4,3,2.0,4.0,3,1,1,1,2.0,1
2169.0,0,28.0,18.0,0,2,2,1,0,2.0,4.0,2,1,1,1,1.0,0
2439.0,1,35.0,24.0,6,3,1,1,3,4.0,4.0,0,1,1,1,1.0,0
4526.0,0,32.0,27.0,3,1,1,4,3,2.0,4.0,3,3,2,1,2.0,1
2210.0,0,25.0,10.0,3,3,2,1,3,2.0,2.0,3,3,0,2,1.0,0
2221.0,0,20.0,15.0,3,3,2,3,0,4.0,2.0,0,1,1,2,1.0,1
2389.0,1,27.0,18.0,6,3,1,1,0,1.0,4.0,0,1,2,1,1.0,1
3331.0,0,42.0,12.0,3,1,4,1,1,4.0,2.0,3,1,2,1,1.0,1
7409.0,0,37.0,36.0,0,3,4,0,1,2.0,3.0,3,1,1,1,2.0,1
652.0,1,24.0,12.0,3,3,4,1,1,4.0,4.0,0,1,1,2,1.0,1
7678.0,0,40.0,36.0,3,2,3,3,0,4.0,2.0,0,1,1,1,2.0,1
1343.0,3,46.0,6.0,4,1,4,1,3,4.0,1.0,3,1,1,1,2.0,1
1382.0,1,26.0,24.0,0,1,3,2,3,1.0,4.0,3,1,1,1,2.0,1
874.0,0,24.0,15.0,1,3,1,0,3,1.0,4.0,0,1,1,1,1.0,1
3590.0,1,29.0,12.0,3,3,2,1,1,2.0,2.0,3,3,1,1,1.0,1
1322.0,2,40.0,11.0,4,1,2,4,0,4.0,4.0,0,1,1,1,2.0,1
1940.0,1,36.0,18.0,6,0,1,1,2,4.0,3.0,3,0,0,0,1.0,1
3595.0,0,28.0,36.0,6,3,4,1,0,2.0,4.0,3,1,1,1,1.0,1
1422.0,1,27.0,9.0,4,3,1,1,2,2.0,3.0,3,0,1,0,1.0,0
6742.0,0,36.0,30.0,6,1,3,0,1,3.0,2.0,3,1,1,1,2.0,1
7814.0,0,38.0,24.0,9,3,3,1,0,3.0,3.0,3,0,1,1,1.0,1
9277.0,0,48.0,24.0,9,3,2,0,2,4.0,2.0,1,1,1,0,1.0,1
2181.0,2,36.0,30.0,4,1,4,0,3,4.0,4.0,3,1,1,1,2.0,1
1098.0,0,65.0,18.0,6,1,0,1,0,4.0,4.0,0,2,1,1,2.0,1
4057.0,2,43.0,24.0,3,3,3,1,0,3.0,3.0,1,1,1,1,1.0,0
795.0,1,53.0,12.0,2,3,1,1,1,4.0,4.0,0,1,1,1,1.0,0
2825.0,2,34.0,24.0,0,1,3,0,2,3.0,4.0,3,1,1,1,2.0,1
15672.0,2,23.0,48.0,0,3,2,1,0,2.0,2.0,3,1,1,1,1.0,0
6614.0,0,34.0,36.0,4,1,4,1,0,4.0,4.0,3,0,1,1,2.0,1
7824.0,0,40.0,28.0,9,0,1,0,3,4.0,3.0,3,1,0,2,2.0,1
2442.0,1,43.0,27.0,0,1,4,1,0,4.0,4.0,3,0,2,1,4.0,1
1829.0,0,46.0,15.0,6,1,4,1,0,4.0,4.0,3,1,1,1,2.0,1
2171.0,1,38.0,12.0,4,1,2,1,1,4.0,4.0,3,3,0,1,2.0,1
5800.0,2,34.0,36.0,9,1,2,1,0,4.0,3.0,3,1,1,1,2.0,1
1169.0,0,29.0,18.0,6,1,2,0,1,3.0,4.0,3,1,1,1,2.0,1
8947.0,0,31.0,36.0,9,2,3,0,0,2.0,3.0,3,0,2,1,1.0,1
2606.0,1,28.0,21.0,6,3,1,1,1,4.0,4.0,0,0,1,2,1.0,1
1592.0,0,35.0,12.0,3,1,3,4,1,2.0,3.0,0,1,1,1,1.0,1
2186.0,0,33.0,15.0,3,3,3,0,3,4.0,1.0,0,3,0,2,1.0,1
4153.0,1,42.0,18.0,3,3,2,1,0,3.0,2.0,3,1,1,1,1.0,0
2625.0,1,43.0,16.0,4,1,4,1,1,4.0,2.0,3,1,0,2,1.0,0
3485.0,0,44.0,20.0,4,1,1,0,3,4.0,2.0,1,1,1,1,2.0,1
10477.0,0,42.0,36.0,9,1,4,0,2,4.0,2.0,3,1,1,0,2.0,1
1386.0,0,40.0,15.0,6,3,2,0,3,2.0,4.0,2,1,1,2,1.0,1
1278.0,0,36.0,24.0,6,3,4,1,3,1.0,4.0,3,0,1,1,1.0,1
1107.0,1,20.0,12.0,6,3,2,1,3,2.0,2.0,3,0,1,2,1.0,1
3763.0,1,24.0,21.0,4,3,3,0,3,2.0,2.0,3,3,1,1,1.0,1
3711.0,2,27.0,36.0,2,3,2,0,0,2.0,2.0,2,1,1,1,1.0,1
3594.0,0,46.0,15.0,9,2,1,1,1,2.0,1.0,0,3,1,1,2.0,1
3195.0,2,33.0,9.0,4,3,2,0,3,2.0,1.0,0,3,1,1,1.0,1
4454.0,0,34.0,36.0,6,2,2,1,3,4.0,4.0,0,1,1,1,2.0,1
4736.0,2,25.0,24.0,3,1,1,1,0,4.0,2.0,0,3,0,1,1.0,0
2991.0,2,25.0,30.0,6,3,4,0,0,4.0,2.0,0,1,1,1,1.0,1
2142.0,0,28.0,11.0,0,3,4,4,3,2.0,1.0,1,1,1,1,1.0,1
3161.0,1,31.0,24.0,0,0,2,1,1,2.0,4.0,3,1,1,2,1.0,0
18424.0,2,32.0,48.0,5,4,2,1,1,2.0,1.0,0,0,0,1,1.0,0
2848.0,0,32.0,10.0,9,3,2,2,3,2.0,1.0,3,1,1,1,1.0,1
14896.0,1,68.0,6.0,4,3,4,1,2,4.0,1.0,3,0,0,1,1.0,0
2359.0,1,33.0,24.0,3,3,0,2,1,1.0,1.0,1,1,1,1,1.0,0
3345.0,1,39.0,24.0,3,3,4,1,1,2.0,4.0,3,0,1,2,1.0,0
1817.0,0,28.0,18.0,3,1,2,1,2,2.0,4.0,0,1,1,1,2.0,1
12749.0,0,37.0,48.0,6,2,3,3,0,1.0,4.0,3,0,1,1,1.0,1
1366.0,1,22.0,9.0,6,3,1,1,1,4.0,3.0,0,1,1,2,1.0,0
2002.0,2,30.0,12.0,4,3,3,1,1,4.0,3.0,3,1,1,2,1.0,1
6872.0,1,55.0,24.0,3,0,1,1,1,1.0,2.0,1,1,0,1,1.0,0
697.0,1,46.0,12.0,4,0,1,1,0,2.0,4.0,3,1,0,1,2.0,0
1049.0,1,21.0,18.0,3,1,1,1,1,4.0,4.0,0,1,1,2,1.0,1
10297.0,1,39.0,48.0,9,3,3,1,2,4.0,4.0,3,1,2,0,3.0,0
1867.0,0,58.0,30.0,6,3,4,0,0,4.0,4.0,3,1,1,1,1.0,1
1344.0,1,43.0,12.0,4,2,2,1,3,2.0,4.0,3,3,1,1,2.0,1
1747.0,1,24.0,24.0,3,3,1,1,1,1.0,4.0,3,3,1,1,1.0,1
1670.0,2,22.0,9.0,6,3,1,1,0,2.0,4.0,0,1,1,1,1.0,0
1224.0,0,30.0,9.0,4,1,2,1,3,1.0,3.0,3,1,1,1,2.0,1
522.0,0,42.0,12.0,6,1,4,3,1,4.0,4.0,3,1,1,1,2.0,1
1498.0,1,23.0,12.0,6,3,2,1,0,1.0,4.0,0,1,0,1,1.0,1
1919.0,2,30.0,30.0,6,2,1,2,2,3.0,4.0,3,0,2,1,2.0,0
745.0,3,28.0,9.0,6,3,2,1,3,2.0,3.0,0,3,1,1,1.0,0
2063.0,2,30.0,6.0,6,3,1,1,0,3.0,4.0,2,0,1,2,1.0,1
6288.0,2,42.0,60.0,2,3,2,1,2,4.0,4.0,3,1,1,0,1.0,0
6842.0,0,46.0,24.0,9,1,2,0,1,4.0,2.0,3,0,1,1,2.0,1
3527.0,0,45.0,12.0,4,3,1,0,1,3.0,2.0,3,0,1,1,1.0,1
1546.0,0,31.0,10.0,4,3,2,1,3,2.0,3.0,3,3,1,1,1.0,1
929.0,0,31.0,24.0,3,3,3,0,0,2.0,4.0,3,1,2,1,1.0,1
1455.0,0,42.0,4.0,4,1,3,1,3,1.0,2.0,3,3,1,1,3.0,1
1845.0,1,46.0,15.0,3,3,1,1,1,1.0,4.0,0,1,1,2,1.0,1
8358.0,2,30.0,48.0,4,4,1,3,0,1.0,1.0,0,1,1,1,2.0,1
3349.0,1,30.0,24.0,3,0,1,3,2,4.0,4.0,3,1,1,0,1.0,0
2859.0,0,38.0,12.0,4,3,0,0,2,4.0,4.0,3,0,1,1,1.0,1
1533.0,0,43.0,18.0,3,3,1,1,1,1.0,4.0,2,3,1,1,1.0,0
3621.0,0,31.0,24.0,6,3,4,2,0,4.0,2.0,3,1,1,1,2.0,0
3590.0,2,40.0,18.0,0,1,0,1,0,3.0,3.0,2,2,1,1,3.0,1
2145.0,1,24.0,36.0,0,2,3,1,0,1.0,2.0,3,1,1,1,2.0,0
4113.0,2,28.0,24.0,9,3,1,3,0,4.0,3.0,0,1,1,2,1.0,0
10974.0,0,26.0,36.0,3,3,0,1,0,2.0,4.0,0,0,1,1,2.0,0
1893.0,1,29.0,12.0,4,3,2,1,1,4.0,4.0,0,1,1,1,1.0,1
1231.0,1,57.0,24.0,6,1,4,4,1,4.0,4.0,0,0,1,2,2.0,1
3656.0,3,49.0,30.0,6,1,4,0,1,4.0,4.0,3,3,2,1,2.0,1
1154.0,2,37.0,9.0,6,1,4,1,3,4.0,2.0,3,3,1,1,3.0,1
4006.0,1,45.0,28.0,4,3,2,1,0,2.0,3.0,3,3,1,1,1.0,0
3069.0,2,30.0,24.0,3,3,4,2,2,4.0,4.0,3,1,1,0,1.0,1
1740.0,0,30.0,6.0,6,1,4,1,3,2.0,2.0,2,1,1,2,2.0,1
2353.0,2,47.0,21.0,4,2,2,1,1,4.0,1.0,1,1,1,1,2.0,1
3556.0,0,29.0,15.0,4,3,2,0,2,2.0,3.0,3,1,1,1,1.0,1
2397.0,0,35.0,24.0,6,3,4,3,0,2.0,3.0,3,1,0,1,2.0,0
454.0,2,22.0,6.0,7,3,1,1,1,1.0,3.0,2,3,1,1,1.0,1
1715.0,2,26.0,30.0,6,3,2,0,0,1.0,4.0,0,1,1,1,1.0,1
2520.0,2,23.0,27.0,6,1,2,3,1,2.0,4.0,3,3,1,1,2.0,0
3568.0,0,54.0,15.0,6,3,4,1,0,2.0,4.0,0,0,0,2,1.0,1
7166.0,0,29.0,42.0,6,3,3,0,1,4.0,2.0,2,1,1,2,1.0,1
3939.0,1,40.0,11.0,4,1,2,1,3,2.0,1.0,3,3,1,1,2.0,1
1514.0,2,22.0,15.0,7,3,2,2,3,2.0,4.0,3,1,1,1,1.0,1
7393.0,0,43.0,24.0,4,3,2,1,1,4.0,1.0,3,3,1,1,1.0,1
1193.0,1,29.0,24.0,4,0,0,1,2,4.0,1.0,0,2,1,2,2.0,0
7297.0,1,36.0,60.0,0,3,4,1,2,4.0,4.0,3,1,1,2,1.0,0
2831.0,0,33.0,30.0,6,1,2,1,0,2.0,4.0,0,1,1,1,1.0,1
1258.0,3,57.0,24.0,6,3,2,3,0,3.0,3.0,0,3,1,1,1.0,1
753.0,2,64.0,6.0,6,3,2,1,3,3.0,2.0,0,1,1,1,1.0,1
2427.0,2,42.0,18.0,0,2,4,0,1,2.0,4.0,3,1,1,1,2.0,1
2538.0,0,47.0,24.0,4,2,4,1,0,4.0,4.0,3,3,1,1,2.0,0
1264.0,2,25.0,15.0,4,0,2,2,1,2.0,2.0,2,1,1,2,1.0,0
8386.0,2,49.0,30.0,3,1,3,1,1,2.0,2.0,3,1,1,1,1.0,0
4844.0,0,33.0,48.0,0,3,0,1,0,2.0,3.0,3,0,0,2,1.0,0
2923.0,3,28.0,21.0,4,3,2,2,0,1.0,1.0,0,0,0,1,1.0,1
8229.0,1,26.0,36.0,9,3,2,1,1,2.0,2.0,3,1,1,1,1.0,0
2028.0,0,30.0,24.0,3,1,3,1,1,2.0,2.0,3,3,1,1,2.0,1
1433.0,1,25.0,15.0,3,1,2,1,1,3.0,4.0,0,1,1,2,2.0,1
6289.0,3,33.0,42.0,0,4,1,1,1,1.0,2.0,1,1,1,1,2.0,1
1409.0,0,64.0,13.0,6,3,0,2,3,4.0,2.0,0,1,1,1,1.0,1
6579.0,1,29.0,24.0,9,3,0,1,2,2.0,4.0,3,0,1,0,1.0,1
1743.0,2,48.0,24.0,6,1,4,1,1,2.0,4.0,3,3,1,1,2.0,1
3565.0,0,37.0,12.0,2,1,1,0,1,1.0,2.0,3,3,1,1,2.0,1
1569.0,0,34.0,15.0,6,0,4,2,0,4.0,4.0,3,3,0,1,1.0,1
1936.0,1,23.0,18.0,6,3,3,0,0,4.0,2.0,2,3,1,2,2.0,1
3959.0,1,30.0,36.0,3,3,0,1,1,3.0,4.0,3,0,1,1,1.0,1
2390.0,0,50.0,12.0,4,3,4,0,0,3.0,4.0,3,1,1,1,1.0,1
1736.0,0,31.0,12.0,3,3,3,1,3,4.0,3.0,0,3,1,1,1.0,1
3857.0,1,40.0,30.0,9,3,2,1,1,4.0,4.0,1,0,1,1,1.0,1
804.0,0,38.0,12.0,6,3,4,1,0,4.0,4.0,3,1,1,1,1.0,1
1845.0,1,23.0,45.0,6,3,2,1,2,4.0,4.0,3,1,1,0,1.0,0
4576.0,2,27.0,45.0,9,1,0,2,0,4.0,3.0,3,1,1,1,1.0,1
12933.862307492429,2,39.04186602353882,20.083732047077653,8,3,0,1,2,4.0,2.768474216991372,0,0,1,0,1.0,0
5206.890936098101,1,28.49289207094363,32.95735242566178,3,1,1,1,0,2.0,4.0,2,0,1,1,1.50710792905637,0
3002.0524658576537,1,20.172927595932958,27.631479514592108,3,3,2,0,0,4.0,2.3458551918659154,2,1,1,1,1.0,0
1132.6378114009815,1,31.224110323303435,9.775889676696565,2,1,3,3,1,3.2586298922321877,4.0,2,1,1,0,1.741370107767812,0
3153.402496765564,1,31.0,24.860094705785198,0,0,1,1,1,2.286698235261732,3.713301764738268,2,1,1,1,1.0,0
1878.3901446404354,0,26.00273759987904,18.0,5,2,2,1,0,3.598904960048383,4.0,0,1,0,1,2.0,0
2437.9580917236926,1,23.95397288727441,24.276162676353525,3,3,1,1,1,2.5690406690883814,4.0,1,1,1,1,1.0,0
4063.78391582003,1,40.44003176602635,24.0,3,3,3,1,0,3.1279984116986825,3.0,1,1,0,1,1.1279984116986825,0
2610.7143936131747,1,52.21185278427545,16.963123198725036,5,3,2,1,1,4.0,3.3087487991500244,1,1,1,0,2.0,0
1935.0764324304691,1,31.025477476823067,24.0,0,1,3,1,2,3.974522523176935,4.0,1,1,1,1,1.974522523176935,0
4675.8218782524,0,32.98824624968138,19.20705225019117,2,2,1,1,0,2.934900500042482,2.532549749978759,1,1,0,1,1.0,0
1791.3266976982582,1,27.184595350956283,17.665339539651637,4,3,0,1,2,1.2961488377390706,2.5922976754781413,0,1,1,1,1.7038511622609294,0
1194.2980533769214,1,29.507933930099668,24.0,4,0,0,1,2,4.0,1.1693113100332226,0,1,0,1,2.0,0
2747.2254092158423,1,32.75058459406067,35.124707702969665,2,0,4,1,0,3.8832943603959555,4.0,2,1,0,1,1.0583528198020222,0
2695.0137147172304,2,34.6720969890019,29.86883879560076,4,3,2,1,1,4.0,3.489069899633397,0,2,1,1,1.0,0
10052.911430051707,1,29.584120447098467,48.0,4,3,1,1,0,2.5514031457074564,1.827104718561185,0,1,1,0,1.5514031457074566,0
1376.6041041710316,0,24.120820834206338,10.590615625654754,4,3,1,2,1,2.939589582896831,2.4697947914484155,0,1,1,1,1.0,0
1822.5413636986684,0,35.093111854563155,37.22585666492368,2,3,2,1,2,4.0,4.0,3,1,1,0,1.0,0
4065.843483045355,2,40.631209898565736,24.0,3,3,2,1,0,3.1579193400956176,3.0,0,1,1,1,1.0,0
3349.0,0,28.09193927156478,35.448364370611316,3,2,1,1,0,2.0919392715647813,4.0,0,0,1,0,1.0,0
2671.3375905290195,1,49.92589476192255,36.0,5,3,2,1,1,3.9835321693161214,3.9835321693161214,0,1,0,0,1.0,0
3151.036499444798,1,29.940053132425362,22.728063758910434,0,0,1,1,1,2.4239787470298557,3.3640318794552164,2,1,1,2,1.0,0
686.6860241671378,1,27.950542292491125,12.0,4,2,2,1,0,2.859497986071851,2.2810040278562975,2,2,0,1,1.1405020139281488,0
14395.548450509792,2,32.90727751152065,45.03477093317976,0,3,2,1,0,2.0,2.4942048444700404,3,0,1,0,1.0,0
1353.8128219457797,1,35.490731326224285,22.06745628266755,5,0,3,0,0,3.0,4.0,2,0,1,1,1.0,0
6163.769820752631,1,55.94865967875248,48.0,7,1,4,1,2,4.0,4.0,0,2,1,0,1.7435824598440601,0
3859.5142392568014,1,34.8865279575315,48.0,0,3,2,1,2,3.5567360212342525,4.0,2,2,0,0,1.0,0
3152.5863832258565,1,29.902571725111738,24.0,0,0,1,1,0,2.0,3.8780635250124154,2,1,1,2,1.0,0
761.8240784548917,1,42.13759117080975,12.0,4,3,2,1,3,2.4034397792702435,4.0,3,1,1,1,1.0,0
1365.000506350402,1,31.922492672612954,24.0,4,1,2,0,1,3.5385004884924696,4.0,1,0,1,1,1.0,0
905.2707108122086,1,22.83977483186734,11.386741722710886,6,3,2,1,1,3.386741722710886,4.0,1,1,1,1,1.0,0
1665.635394250491,1,24.77747638605128,14.951735112967027,6,2,1,1,0,2.0,4.0,0,1,1,1,1.0,0
1216.4013481345537,1,41.61213321098259,21.59191119267827,3,1,1,1,2,3.5986518654463784,4.0,2,1,0,1,1.5986518654463784,0
14662.251502286752,1,46.839609680695375,26.66828821885568,2,3,3,1,1,3.0157957991021105,1.4921021004489448,3,0,0,1,1.0,0
14636.627211377501,1,63.063839662893606,19.462255464835614,4,3,4,1,2,3.1025163023442923,2.346225546483561,3,0,0,0,1.0,0
2750.4644931558064,1,29.32581506657259,29.303260266290373,3,0,4,0,0,3.4419383555241976,3.1629075332862966,2,1,0,1,1.0,0
5175.294497405801,0,29.0,35.68419011981256,3,3,2,0,1,2.042107984024992,3.9368380239625127,2,1,0,1,1.021053992012496,0
10080.387469396494,0,38.97589490501122,48.0,3,1,1,2,1,2.0,1.720883050278401,2,1,0,0,1.0,0
3093.1236537696386,1,22.204300685388823,23.693548971916766,5,3,1,1,0,2.1021503426944115,2.8978496573055885,1,1,1,2,1.0,0
4850.138318241109,1,44.7555283264983,24.0,4,2,2,1,1,3.625251287568105,2.625251287568105,3,1,1,0,1.6252512875681047,0
1074.267371921212,1,29.297408772261075,15.892226316783223,5,2,3,1,3,3.0,3.351295613869463,3,1,0,1,2.0,0
1842.0717262733078,0,26.219263150570335,20.268442109657798,5,2,2,1,3,2.0,3.243852630114067,0,1,1,1,2.0,0
6438.953272088858,2,55.910136449576726,32.10927316925172,2,1,2,0,2,2.117181842736207,3.117181842736207,1,0,1,1,1.0,0
6346.911487908569,1,31.547961822673177,31.494441334563206,2,3,3,0,1,4.0,4.0,3,1,1,0,1.0,0
1371.151727759275,1,37.14092874798369,24.0,4,1,2,0,0,2.4281857495967385,4.0,1,0,1,1,1.0,0
4601.645034544908,0,42.29046200060093,14.41946890958258,1,3,1,2,1,3.5322517272454124,1.4677482727545876,1,0,1,1,1.9354965455091755,0
4786.022396633088,1,32.42683648861423,31.384133104207255,5,1,2,1,1,2.8252040542904693,3.5873979728547654,3,2,1,1,2.0,0
6878.233351393639,1,44.195524251024985,28.986681114911544,2,0,1,1,1,1.831113519151924,2.8311135191519243,1,1,0,1,1.0,0
1664.8933789469454,1,25.996486041520924,11.664324027680617,5,2,1,0,0,2.0,4.0,0,1,1,1,1.2220270023067181,0
2743.576616761511,2,41.4008425963666,22.434084688070737,1,3,3,1,0,2.9560564587138245,3.5219717706430878,0,3,0,2,1.5219717706430878,0
1334.745851894747,1,39.07183323681964,17.45305539469941,4,2,0,1,1,2.0,4.0,3,0,1,0,2.0,0
2742.302736255329,1,31.30312439829479,21.45468659744219,3,3,4,0,1,2.0,1.3939452748934245,1,1,0,1,1.0,0
6798.084441419174,1,32.307101350625246,33.62188514312231,5,1,1,1,0,2.0,2.1285990995831705,1,0,1,1,1.0,0
966.9440826649815,1,26.196206118241854,13.205690822637218,3,3,1,1,0,2.0,1.0,0,1,1,1,1.0,0
474.62497216126667,2,25.212377829939808,7.212377829939806,3,0,1,3,0,2.0,4.0,0,1,0,1,1.0,0
3616.2708654591293,0,30.725847272993015,24.0,5,2,3,1,0,4.0,2.0685381817517468,3,1,0,1,1.9314618182482532,0
1444.781337215232,0,22.92274063291022,22.84110949365329,4,3,3,1,0,3.8454812658204385,4.0,0,1,1,1,1.9227406329102192,0
5944.055532353402,0,41.097286028146335,27.166597060204,6,3,1,0,0,1.1319415441751666,1.1319415441751666,0,1,1,1,1.8680584558248334,0
3123.2108774034496,1,26.97988057483506,19.175856689802075,2,3,1,1,1,3.608047770065976,1.5879283449010364,0,1,1,2,1.0,0
745.8708732331188,2,29.575865850405364,9.124410461874108,6,3,2,1,3,2.041470153958036,3.041470153958036,0,3,1,1,1.0,0
800.8032444877543,1,36.04259559020344,14.28194669265258,6,2,4,0,0,3.0,4.0,2,1,0,1,1.0,0
2413.563058472339,1,25.750203080850614,28.624898459574695,3,3,2,1,3,4.0,4.0,0,1,1,1,1.0,0
1907.3419333534575,1,26.20675873111702,18.0,4,3,1,0,1,3.39662063444149,4.0,0,1,0,2,1.3966206344414898,0
1964.7467244420477,1,37.48650757785595,32.22976136678393,3,3,3,0,1,3.6858134472319946,4.0,2,0,1,1,1.0,0
6168.638590078203,1,55.46779357252315,48.0,6,1,4,1,2,4.0,4.0,0,2,1,0,1.6834741965653939,0
5933.900482446355,1,26.52283237553118,45.08978799433407,2,1,2,1,1,2.84094412517706,3.681888250354121,2,1,0,1,1.0,0
12633.20412200794,1,41.69896949801479,31.32262014530717,2,2,2,1,2,4.0,1.9354759709385658,3,0,1,0,1.0,0
1347.877702349307,1,29.099064068484438,19.32817031506476,5,2,2,0,2,3.0,4.0,2,0,0,1,1.0,0
8282.350025205651,1,33.81560878808904,33.96114553354199,6,2,2,1,1,2.0,2.0,3,1,1,1,1.0,0
1923.5151827255445,2,29.424086372277785,16.545548176633332,3,3,1,0,2,2.7575913627722217,4.0,0,1,1,1,1.0,0
839.5670039580184,2,23.966063571963304,12.445875494752295,4,2,1,1,0,2.1486251649174317,4.0,0,2,0,1,1.0,0
7503.8652015569805,1,50.499897305395855,19.40028754489161,8,3,4,0,1,4.0,1.1000205389208295,3,1,1,0,1.0,0
7851.110403639902,0,25.27455974306574,36.27455974306574,3,0,2,1,2,2.0457599571776233,3.9542400428223767,0,1,1,1,1.9771200214111884,0
1997.8673306311503,1,20.791012872477882,22.74607723486729,5,3,2,1,3,4.0,1.7910128724778815,2,2,0,2,1.0,0
1280.4229952675673,1,34.288502366216356,21.057639814864686,4,2,2,0,2,4.0,3.6730710905405206,0,1,1,1,1.3269289094594794,0
947.4485775895705,2,36.76641162868122,22.6542672312886,3,3,2,1,1,3.1121443973926164,4.0,2,1,0,0,1.3364331921778498,0
1216.5963994886197,1,43.36759539757709,20.42160306828194,3,2,1,1,2,3.403600511380323,4.0,2,2,0,1,1.4036005113803232,0
2046.150266901389,2,25.432128112666675,24.0,5,2,0,1,1,1.286010676055556,1.5720213521111124,1,0,1,1,1.0,0
3617.982396907084,0,30.825066487367195,24.0,5,2,3,1,0,4.0,2.043733378158201,3,1,0,1,1.9562666218417988,0
3101.597151499863,1,23.74493663633869,21.382595045491968,4,3,1,1,0,2.8724683181693447,2.1275316818306553,1,1,1,2,1.0,0
3961.672325185851,1,30.527042963343415,16.14528222250756,4,2,2,1,1,2.7635214816717077,2.2364785183282923,0,1,0,1,1.763521481671708,0
2740.2930192412728,2,38.6533426304528,22.635121270942477,2,3,2,1,0,3.0900808472949857,3.454959576352507,0,3,0,2,1.4549595763525072,0
2309.639421604511,1,40.02043379661673,22.755108449154182,3,2,2,1,1,1.0,3.1700722994361206,2,1,1,1,1.0,0
916.2292970714125,1,29.40976569047084,17.853514642937395,3,3,3,0,0,1.5902343095291598,4.0,0,1,0,1,1.0,0
1347.6238597839592,1,25.737614021604088,19.574315870375482,5,3,1,1,2,3.2623859783959137,3.7376140216040863,1,1,0,1,1.0,0
7313.539599512737,1,37.15931772285541,56.75391037600484,0,3,4,0,1,4.0,3.768136455428917,3,1,1,1,1.0,0
806.075615040399,0,30.67291922041049,12.0,5,1,3,0,1,2.767291922041049,4.0,0,3,0,1,1.0,0
1908.52673348471,2,64.27614495913149,30.0,0,2,3,1,2,3.9521151377536525,4.0,3,0,1,1,1.0478848622463475,0
5965.516984440721,1,23.54436004688521,45.52902392498367,4,2,2,1,2,2.3088720093770414,2.6177440187540832,0,1,0,1,1.0,0
6892.231526589562,1,29.233550294176887,36.560520706024526,2,2,2,1,1,2.9065798823292455,3.8598698234938684,2,1,1,1,1.0467100588353773,0
686.9119628339671,1,41.34398284644633,12.0,2,2,1,1,0,3.5520057178512237,4.0,3,2,0,1,1.2239971410743882,0
9588.729642684708,0,26.825989987038014,36.0,2,1,1,1,0,1.8805075097214883,1.8805075097214883,1,1,1,1,2.0,0
953.4469749426198,1,26.60848400918083,12.587273986228752,3,3,1,1,0,3.804242004590416,3.706363006885624,0,1,0,1,3.706363006885624,0
8390.283771791152,1,48.64029397173539,29.901898355927834,2,1,2,1,0,2.0,2.0,3,1,0,1,1.0163502740120278,0
8242.439953871108,1,28.41617148244619,34.64090354112402,7,3,2,1,1,2.302021435305774,2.0,2,0,1,0,1.151010717652887,0
1356.7397197246867,1,24.525530984176335,21.627654920881668,4,3,1,1,0,4.0,3.0,0,2,1,1,1.0,0
1199.4038610125801,1,59.7083226020255,23.865379662473305,3,1,3,1,0,3.9775632770788842,4.0,2,3,1,1,1.9775632770788845,0
1371.896445742212,1,34.860903164333465,13.242651093454402,4,3,2,0,0,3.1035542577878665,2.2071085155757335,0,1,1,1,1.0,0
2443.9802343992988,1,22.32178152858395,21.86137834300741,3,3,2,1,0,2.643563057167902,2.643563057167902,2,1,1,1,1.0,0
3835.805564256048,2,35.63888714879043,45.54166927681436,1,4,2,1,1,3.3854173192035892,4.0,2,2,1,0,1.0,0
6866.912909041741,1,29.311427766794722,37.868566600768325,2,2,2,1,0,2.8442861166026394,3.8442861166026394,2,1,1,1,1.0,0
6783.783589200281,0,66.48109405331459,30.758809952157385,2,2,2,0,0,4.0,2.3037811893370805,3,1,1,1,2.0,0
1376.9239246249726,1,35.452897263891934,18.56523283329682,4,3,2,0,0,2.4528972638919315,3.094205472216137,0,1,1,1,1.0,0
1549.8946096419495,0,43.844730482097475,18.0,3,0,1,1,0,2.689460964194946,4.0,2,1,0,1,1.0,0
6087.206974221502,1,46.07183586804522,44.92176409497941,6,1,3,1,2,3.6152205118724265,4.0,1,2,1,0,1.6152205118724265,0
2772.9840955818026,2,25.37876191661389,16.545142999366682,3,2,3,0,0,2.3787619166138905,1.5681428749208353,0,1,0,1,1.1893809583069452,0
3856.58851237343,2,34.354605982350144,44.276637185323516,0,3,2,1,1,3.645394017649859,4.0,3,2,1,0,1.0,0
1271.2912730092107,1,33.74952761105283,12.812618097236793,4,2,1,1,2,1.2708726990789314,2.7291273009210686,0,2,1,1,1.0,0
2363.893124469672,0,33.257532866824846,24.0,3,3,0,2,0,1.1287664334124234,1.257532866824847,1,1,0,1,1.1287664334124234,0
2991.9482680277865,1,20.750320735595054,22.199230234571864,3,3,1,0,0,3.849935852880989,2.3001282942380223,1,1,1,1,1.1500641471190112,0
7939.685728237224,0,31.232283030445075,36.0,4,1,2,1,1,2.7332097682876557,3.2667902317123443,1,0,1,1,2.7332097682876557,0
433.0,1,23.521906846643986,8.868558920136092,2,0,0,3,1,2.4780931533560153,3.7609534233219923,0,1,0,2,1.0,0
4115.633466035355,1,25.489205922598803,23.213934971810904,3,3,3,1,1,3.868989161968484,2.868989161968484,3,1,0,1,1.868989161968484,0
15734.032731328958,2,30.95291427294333,49.36335673250457,0,3,1,1,0,2.4544522441681904,2.227226122084095,3,1,1,1,1.0,0
1531.165107949648,2,27.896631723335283,12.386576188684364,6,2,1,1,2,1.2577174591229094,1.2577174591229094,2,1,1,1,1.1288587295614547,0
8016.866880443101,1,31.738636737965866,30.224025653172113,2,1,2,1,2,2.4813311955689903,3.240665597784495,0,0,1,0,1.7593344022155049,0
6890.717984841913,1,51.904900144250576,27.53725697799935,3,0,1,1,1,1.0,1.8526142925833606,1,1,0,1,1.1473857074166394,0
2303.0847279764416,1,38.30509067451939,15.694909325480607,0,1,0,1,0,1.5894545193910437,3.1789090387820873,2,0,1,1,1.5894545193910437,0
4738.837791522067,2,25.0,29.959362196341857,3,1,1,1,0,3.43244169558649,2.56755830441351,0,3,0,1,1.283779152206755,0
3172.0743436104794,1,25.530238960081007,20.623266788710296,5,3,1,1,2,2.4372111314517158,2.0,0,1,1,1,1.0,0
742.3632588592099,2,28.732428094663916,9.43945685679835,6,3,1,1,2,2.146485618932783,3.146485618932783,0,3,1,1,1.0,0
6869.673588023841,1,52.77933402275724,23.048286009753102,3,0,0,1,1,1.105745998916322,1.894254001083678,1,0,0,1,1.0,0
2756.192715237279,1,26.858331124070652,14.787496686105982,3,3,4,0,1,2.0,1.1161456952544158,0,1,0,1,1.0,0
2210.652893980525,0,26.392840491786774,11.131682899576756,3,2,2,1,2,2.087052530736673,2.087052530736673,3,2,0,1,1.0435262653683366,0
3473.534803905134,1,28.101228373122385,14.696314880632848,3,1,1,1,2,1.7004094577074613,2.7004094577074613,0,1,1,1,2.0,0
618.0919148438443,1,24.930362959547736,12.0,3,0,1,1,3,2.6044555606783963,4.0,0,2,0,1,1.0,0
7477.4036899544135,0,50.13905206075318,32.95960131646223,8,0,0,0,2,1.0986533772154077,4.0,0,0,0,1,1.0,0
900.3591414734097,1,22.640858526590197,12.0,4,3,2,0,0,2.359141473409803,4.0,2,1,1,1,1.0,0
4776.134432074954,1,31.75158670419787,19.49894219720142,3,1,2,1,0,4.0,2.375088150233215,1,2,0,1,1.375088150233215,0
808.9391886730215,2,34.14268701699116,14.387718646498106,5,3,3,1,0,2.795906215499369,4.0,2,1,0,1,1.0,0
1532.4796480771054,0,41.09204294938618,18.0,3,2,1,1,1,1.1734506409648926,3.8265493590351074,2,2,0,1,1.1734506409648926,0
1890.906611081192,1,25.42412433719962,18.0,5,3,1,0,0,3.787937831400191,4.0,0,1,0,2,1.787937831400191,0
6298.336682116404,1,40.16607252773488,54.998379621095125,2,3,2,0,1,4.0,4.0,3,1,1,0,1.0,0
3609.1801799005775,0,30.314793037714644,24.0,5,2,3,1,0,4.0,2.171301740571339,3,1,0,1,1.8286982594286612,0
2039.0,1,20.139841149616192,18.41952344884858,3,3,1,1,2,3.7902382755757102,1.0,0,1,0,1,1.0,0
2556.470029616324,0,40.693160618816144,18.59413767327098,4,2,2,1,1,2.648534418317745,4.0,3,3,1,1,1.5495114727725818,0
1838.3229858755167,1,34.0,27.1751661012402,2,0,2,1,1,4.0,4.0,0,2,0,0,1.0,0
3822.2927720432276,2,38.341445591354464,41.48783161296831,3,4,2,1,0,2.371957903242077,4.0,1,1,1,0,1.0,0
950.2024474959104,1,31.785315024537365,14.392657512268682,3,3,3,1,0,3.202447495910439,4.0,2,1,0,2,2.4048949918208784,0
5949.645893514023,1,25.72379283643722,43.937680542068485,6,3,1,0,2,1.8307366892528536,1.8307366892528536,0,1,1,1,1.1692633107471464,0
1516.4106244292568,1,53.89399397508639,15.735104071542787,6,1,2,3,1,2.7549653094857374,3.0,2,1,1,1,2.0,0
1934.551473932607,1,33.07766439606031,21.413605449455265,5,3,1,1,1,2.784467120787939,4.0,1,1,1,1,1.0,0
4303.370574679173,1,30.7337095575664,35.374294579563,1,2,2,1,1,3.5791431526521,3.4208568473479,0,0,1,1,1.0,0
681.397204027602,1,38.9588816110408,11.7397204027602,2,3,2,1,0,3.9132401342534004,4.0,3,3,1,1,1.0,0
3426.3228801422447,1,42.63474580186308,26.47881297205379,3,2,3,1,0,2.6347458018630805,3.0478812972053793,2,0,1,1,1.0,0
3107.4111508481114,1,30.66877235206263,29.779181568041754,3,3,1,1,0,3.9263938560139175,2.0368030719930412,1,2,1,1,1.0,0
774.3063490430176,1,62.276464222095555,12.0,4,3,1,2,2,3.2864258290695725,4.0,2,2,1,1,1.0,0
2805.0753528716486,1,32.013775939493776,18.0,3,1,2,1,1,1.6620746868354073,2.0,3,1,0,1,1.6620746868354073,0
11489.644455923315,0,25.91518213886803,38.80712573343346,7,1,2,1,0,3.616963572226394,2.0,1,1,0,1,2.0,0
1353.2395578477963,2,26.92048234785871,24.0,4,2,1,0,0,3.6799196086902155,3.1600401956548922,0,3,0,1,1.1600401956548922,0
2134.4949303468943,1,26.098986069378896,15.481216716745326,4,0,2,1,2,2.740608358372663,4.0,0,1,1,1,1.580202786124221,0
750.4991564034981,1,26.944538177389106,17.66722906433464,2,3,0,1,3,1.055461822610893,4.0,0,1,1,1,1.0,0
1338.8971036788269,2,32.10289632117307,11.134241638680294,6,3,1,1,0,2.237137959853366,4.0,2,0,0,1,1.7628620401466342,0
7199.551917088333,1,29.344822638760693,43.965532083717925,5,3,2,0,0,2.890803773126782,4.0,0,0,1,1,1.0,0
6461.719152563607,0,43.8348983326896,15.768508461835571,4,1,2,0,2,2.8842542309177857,2.0,3,0,0,1,1.628084743639262,0
9086.227107546569,1,27.89816228804707,36.0,3,3,1,1,1,1.0,3.559264915218828,3,0,1,1,1.0,0
7036.939795767108,0,30.73954880126412,44.44314414683358,5,2,2,1,2,1.889213963291604,1.2964046544305345,1,1,1,1,2.0,0
4142.247247844408,1,37.24878393124997,19.500384021710534,3,3,2,1,0,3.2500640036184225,2.2500640036184225,3,1,0,1,1.2500640036184225,0
1908.2324682120982,1,28.544928136770025,26.507827528248058,6,2,1,1,1,3.291014372645995,4.0,2,0,1,1,2.0,0
1935.5406801576753,1,31.180226719225065,24.0,1,1,3,1,2,3.8197732807749363,4.0,1,1,1,1,1.819773280774936,0
1274.6322678386,1,22.046592267055548,13.227955360233327,3,1,2,1,0,3.181363093177781,2.0,0,1,1,2,1.0,0
1188.5501977140611,1,43.40158171248879,20.17470342890835,1,2,2,1,1,4.0,2.0,0,1,1,0,1.5501977140610985,0
1231.8053820527311,2,47.64371226316222,12.850301894702223,2,3,3,1,2,3.643712263162222,2.0688632105133333,0,3,1,0,1.0,0
8002.755945753615,0,26.464565982267864,36.0,0,1,1,0,0,3.464565982267863,3.7322829911339315,2,0,1,1,2.0,0
1824.4860677478098,0,32.885449189142705,30.856811486428377,3,3,2,1,2,3.314241531523784,3.657120765761892,1,1,1,0,1.342879234238108,0
1541.123124307495,1,30.872926866178673,14.24940767605105,4,1,1,1,1,1.749802558683683,2.1247038380255243,2,1,0,1,1.0,0
1204.5759172154476,1,24.865743851625865,24.0,4,2,0,1,1,4.0,3.4805536890244824,0,1,1,2,1.1731487703251726,0
1916.3404336289013,2,38.704035396323235,30.0,4,2,1,1,2,3.241778761008979,4.0,3,0,1,1,1.758221238991021,0
12970.854796255991,2,37.991234746603055,18.157774561145054,8,3,0,0,2,4.0,2.9824694932061053,0,0,1,0,1.0,0
11987.780906923368,1,34.85159108971938,28.97809069233675,6,2,1,1,1,1.3406364358877503,1.1703182179438751,1,2,1,1,1.1703182179438751,0
4871.097947316099,1,37.380410536780225,20.429384194829666,4,1,3,1,1,3.375601170753358,2.687800585376679,3,1,1,1,2.0,0
15209.49750176965,2,59.264836626363454,57.79450987909037,3,1,2,1,2,4.0,3.0,1,0,0,0,1.632418313181728,0
6417.591351501499,1,58.242213570714874,46.863320356072315,0,0,4,1,2,3.0378893214642564,3.9242213570714872,0,0,0,1,1.0378893214642564,0
655.3656596617146,1,27.45373613531413,9.204848949257201,4,3,2,1,0,2.8634340338285327,4.0,2,2,1,1,1.0,0
1096.55906807715,0,29.39464077496791,14.367844649807466,3,2,2,2,1,3.605359225032089,3.605359225032089,1,2,0,1,1.394640774967911,0
4168.466420431921,2,24.75399261295761,31.015970451830437,4,3,2,1,0,2.8306715913615936,3.5846642043192034,3,1,0,1,1.4153357956807968,0
1533.4115937110737,0,34.768125778526574,15.53043773355797,4,3,1,1,1,1.0,2.765218866778986,2,2,1,1,1.0,0
3143.507355551054,1,29.1586690053741,24.0,1,1,1,1,1,1.5396672513435254,4.0,1,1,1,1,1.0,0
1223.1477688869213,1,23.595647407243437,14.426115556539376,4,3,1,1,1,2.4043525927565628,4.0,0,2,1,1,1.0,0
915.6278188089991,1,29.20927293633302,20.860905955004704,3,3,3,0,0,1.79072706366698,4.0,0,1,0,1,1.0,0
1347.9552851072453,2,37.84756109440971,24.0,4,0,3,0,2,2.2825203648032377,4.0,3,2,0,1,1.7174796351967623,0
2245.980595671719,1,59.95237119421968,12.014112238749725,3,1,3,1,1,2.9982359701562844,3.0017640298437156,2,1,0,1,2.0,0
6875.95410472609,1,48.14621847477762,27.16328378087187,2,0,1,1,1,1.5272139634786448,2.527213963478645,1,1,0,1,1.0,0
10017.482384363431,0,39.60170218327037,45.36102130996222,5,1,2,2,1,2.4398297816729633,2.4398297816729633,3,1,0,0,1.2199148908364816,0
2106.02198440674,2,33.73809177968238,18.0,5,2,2,1,3,2.501832033895019,4.0,2,1,1,1,1.2509160169475095,0
1128.1269855739095,1,30.875283653415625,9.843537259938282,3,1,3,3,2,3.0,4.0,3,1,1,0,2.0,0
7194.311476376293,1,30.990803725672862,44.97241117701859,5,3,3,0,0,3.1651339542788106,4.0,0,0,1,1,1.0,0
11919.361521827132,0,32.07258631929243,33.469344625273635,7,2,1,1,1,1.5782241042122722,1.1927413680707575,0,3,0,1,1.1927413680707575,0
3012.9549280920805,1,20.48442651691658,34.17295685524821,4,3,2,0,0,4.0,2.968853033833163,2,1,1,1,1.0,0
1533.388507826052,0,35.22984347895688,15.668953043687065,4,3,1,1,1,1.0,2.8344765218435324,2,2,1,1,1.0,0
2729.800135881161,1,24.635767667599026,29.05720109192621,3,1,2,1,0,4.0,3.4214334243271844,1,2,0,1,1.0,0
1207.358228709104,1,23.960196810099568,23.761180860597413,4,3,1,1,0,3.960196810099569,4.0,0,1,1,2,1.0,0
3100.563781125346,1,26.81712688300712,27.21141792200475,4,3,1,1,0,3.0704726406682488,2.4647636796658756,1,2,1,1,1.0,0
7731.991836673654,0,33.68292917597738,44.68292917597738,1,0,2,1,0,3.447154862662896,2.552845137337104,0,1,1,1,1.276422568668552,0
4614.057650642598,0,34.03843376173176,8.29323798194823,2,3,1,1,1,3.4903915595670596,1.5096084404329404,0,0,1,1,1.0,0
4818.300860878836,0,31.096360065098963,25.15632078118756,3,3,2,1,0,2.9518199674505183,2.0481800325494817,3,0,0,1,1.0,0
5287.805304623569,1,50.76019932338013,26.429850507464906,0,3,0,1,1,4.0,2.0,2,0,1,0,1.9683250281924947,0
7051.5089439262565,1,42.31391612165733,48.0,4,3,2,1,2,2.3127235981564196,1.875149065437613,2,1,1,0,2.0,0
6589.863779080836,1,25.05579016952452,48.0,4,3,2,1,0,2.0,3.0,2,1,1,1,1.0,0
3950.2160717205293,0,35.159523786625144,43.739285679937716,4,3,1,0,0,2.710119053343714,4.0,2,1,0,1,1.0,0
4910.075261099889,1,35.188772844493855,33.54172883330686,5,1,2,1,2,2.7277694888924184,2.363884744446209,3,1,1,0,2.0,0
1926.5792046579206,2,32.420795342079344,16.57920465792066,3,1,1,1,2,2.0,2.4735984473597803,3,3,1,1,1.7632007763201099,0
794.3432662184141,1,53.294397902090225,12.0,2,3,1,1,1,3.9773540075315212,4.0,0,1,1,1,1.0,0
2623.1088079030005,1,44.664249045359526,16.151295367759957,4,1,3,1,1,4.0,2.1512953677599564,3,1,0,1,1.0756476838799782,0
3055.6928274097595,1,40.44294303847279,48.0,3,3,2,1,1,4.0,3.5214252677510465,3,1,1,1,1.5214252677510465,0
8273.575416661073,1,32.53015658092159,34.2964808919335,7,2,2,1,1,2.0,2.0,3,1,1,1,1.0,0
6878.949446866259,1,53.85087886463437,25.31328129756072,3,0,1,1,1,1.0,1.9452799459349701,1,1,0,1,1.0547200540650299,0
1977.5010219677056,1,39.04805826135956,35.398773638753404,2,3,3,0,2,4.0,3.899795606458901,3,0,1,1,1.0,0
2392.772742880298,1,25.8143100254685,28.3114139847189,3,3,2,1,2,3.1557069923594496,3.1557069923594496,0,1,1,1,1.0,0
1282.5046913870851,1,22.01876554834057,14.018765548340571,3,3,2,0,0,4.0,2.3364609247234287,0,1,1,2,1.0,0
739.3491845643713,1,29.778473591903147,15.221526408096853,3,3,0,1,2,1.9261578639677153,4.0,0,2,1,1,1.0,0
6322.386337130856,1,46.322006088566134,48.0,8,1,4,1,2,4.0,4.0,3,1,1,0,1.919498477858466,0
12400.403176254826,1,36.72569679112104,35.412207409545076,4,2,2,0,2,4.0,1.117558518090985,3,0,1,0,1.0,0
9026.56069863017,1,31.125514677094074,33.07741731899565,3,3,1,1,1,1.3985340019551389,3.601465998044861,2,0,1,1,1.0,0
8407.905214644446,0,42.341519831025735,33.20491189861544,6,2,3,0,1,3.534151983102574,2.767075991551287,3,1,0,0,1.232924008448713,0
1369.4511147268715,1,25.0,24.0,4,3,1,0,2,4.0,3.9031946704294755,0,1,1,1,1.0,0
4104.878544877097,2,30.1753897650634,24.0,8,3,1,2,0,3.85497401566244,3.0,0,1,1,1,1.0,0
1551.8048424304832,0,50.1311884654981,12.0,6,2,3,3,2,3.543548918640447,3.543548918640447,2,1,1,0,1.8478496395468156,0
1262.6161709397563,2,25.58266486747106,15.218499325301647,4,0,2,1,0,2.0,2.1456662168677645,2,1,1,1,1.0,0
2055.708205465312,1,29.356595060574655,22.00996931167485,3,2,0,1,1,2.663343562775049,2.336656437224951,0,0,0,1,1.0,0
4125.689603064115,1,29.932615307399637,21.810753060821167,3,3,3,1,1,3.635125510136861,2.635125510136861,3,1,0,1,1.6351255101368611,0
2448.7771928908055,1,22.23612155552133,20.833458666255957,3,3,2,1,0,2.4722431110426597,2.4722431110426597,2,1,1,1,1.0,0
1218.6748224165276,1,23.127372496025117,16.72627503974881,3,3,1,1,0,3.127372496025119,3.872627503974881,0,1,1,1,1.0,0
2746.5942761317383,1,30.777146450598117,35.10858580239247,3,0,4,0,0,3.9257154835327057,3.888573225299059,2,1,0,1,1.0,0
6344.196586647317,1,48.01830148723672,48.0,7,0,4,1,2,3.8447460394433293,4.0,2,1,1,0,1.8447460394433293,0
1221.235291444537,1,24.0,15.865547745978812,4,3,1,1,2,2.644257957663135,4.0,0,2,1,1,1.0,0
3106.695400906575,1,30.266163009948237,29.51077533996549,3,3,1,1,0,3.83692511332183,2.081537443339085,1,2,1,1,1.0,0
1841.946065712633,1,27.199159645129573,36.98342249566173,4,1,2,1,2,4.0,4.0,1,1,0,0,1.0,0
8314.66754887413,2,47.33557614039636,31.426649022517406,3,1,3,1,0,2.4755496741724685,2.0,3,0,1,1,1.7133245112587028,0
10198.674155271981,0,41.89193660964761,48.0,6,1,2,2,2,2.8432253561409557,2.8432253561409557,3,1,0,0,1.8432253561409557,0
2468.880148279288,1,23.876404076169443,18.0,3,3,0,1,0,1.3745319746101856,3.2509360507796288,3,1,1,1,1.0,0
1547.121499515861,0,27.862942776854133,22.504667312185497,6,0,3,1,0,4.0,4.0,3,2,0,1,1.1246110573178751,0
1844.382467664228,1,25.264285231164003,43.14740299268399,5,3,1,1,1,4.0,4.0,2,1,1,0,1.0,0
1251.0674747395105,2,23.563052748834505,21.46626263024472,4,2,1,1,2,2.0,3.4369472511654937,2,2,1,1,1.0,0
4740.217880457899,2,25.0,32.85754896158814,4,1,1,1,0,3.1564239084201775,2.8435760915798225,1,3,0,1,1.4217880457899112,0
2149.65328970166,1,25.73355149170077,23.759214629877228,4,1,2,1,2,1.6532897016598462,4.0,0,1,0,0,1.0,0
5291.619985811665,1,49.745786860043665,27.108948488552716,0,3,0,1,1,3.975789224766063,2.024210775233937,3,1,1,1,1.9878946123830314,0
9263.68548058535,2,28.36899593245783,36.0,6,3,1,1,0,2.8930122026265153,2.1069877973734847,2,0,1,2,1.0,0
2290.745484195085,1,36.6669292526578,21.0589162068204,4,3,2,1,1,1.9803612643931998,3.5098193678034,1,1,1,1,1.4901806321966,0
1033.4940917929255,1,42.65957336647941,22.21985778882647,5,1,1,1,3,3.703309631471078,3.703309631471078,2,1,1,1,1.296690368528922,0
1919.561427378657,1,30.059097618805996,29.82270714358201,6,2,1,1,1,3.0,4.0,2,0,1,1,1.970451190597002,0
1949.656788240141,0,28.39194649709922,19.83686134280679,5,3,1,1,0,2.722457422853786,3.4449148457075722,0,1,1,1,1.2775425771462139,0
3959.2394058235845,1,29.199504852987257,16.077326206131193,4,3,1,1,0,2.0399009705974516,3.0399009705974516,0,1,1,1,1.0,0
1354.322723185422,2,25.738847434084892,24.0,4,2,1,0,0,3.876858760985851,3.0615706195070747,0,3,0,1,1.0615706195070744,0
7774.042289549248,0,30.714661914170698,41.7146619141707,2,0,2,1,1,2.952443652361783,3.047556347638217,0,1,1,1,1.5237781738191085,0
14771.171300139733,1,65.62436730369735,12.478998262643593,4,3,4,1,2,3.568066782490427,1.6478998262643594,3,0,0,0,1.0,0
795.1790727435041,0,51.209272564959605,12.0,2,2,1,0,1,3.91046362824798,4.0,0,1,0,1,1.0,0
4249.690595249569,2,27.95544546776976,30.0,3,1,0,1,0,2.04455453223024,4.0,1,0,1,1,2.0,0
4919.450328891052,0,36.31059622203298,16.30033100012166,4,2,3,0,1,4.0,2.044370888861854,1,1,0,1,2.0,0
684.3083705597309,1,35.37444160403713,12.0,2,3,2,1,0,3.691629440269142,3.383258880538284,2,3,0,1,1.0,0
4062.092110827442,2,41.63604174264943,24.0,3,3,2,1,0,3.0909305504900377,3.0,0,1,1,1,1.0,0
12650.136038247416,0,37.465990438146136,27.587638621893653,3,1,3,0,2,4.0,2.6824722756212696,3,0,1,0,1.0,0
10654.670454794388,0,32.13188196111219,41.66019873333433,5,3,1,1,0,2.9433664555557217,4.0,1,0,1,0,2.471683227777861,0
2352.3140517637657,1,33.0,23.498553882282433,2,2,0,1,0,1.0,1.1671487059058556,1,1,1,1,1.0,0
1336.1168539395655,2,32.23370787913127,9.441573030217182,6,3,1,1,0,1.8528089899276061,3.7056179798552122,3,0,1,1,1.8528089899276061,0
2139.058070765741,1,24.0,24.949878814957387,3,2,2,1,2,2.841686864173769,4.0,0,1,0,1,1.4208434320868846,0
7506.429583530996,0,51.35157049761569,20.109422985694145,9,2,3,0,1,3.472644253576464,1.5273557464235359,2,0,0,0,1.0,0
1378.0779031564564,1,35.32467742706041,20.103870875275142,4,3,2,0,0,2.3246774270604047,3.3506451458791906,0,1,1,1,1.0,0
4152.36070141928,1,24.270821042578408,29.08328417031364,4,3,3,1,1,3.1527859716143936,3.423607014192803,3,1,0,1,1.5763929858071968,0
6225.392982976233,1,42.47789192834418,44.65684085704186,2,1,3,1,2,4.0,4.0,2,1,1,0,1.278596595246512,0
1472.2232447363356,0,22.160465423990676,11.406981359860161,5,3,3,1,0,2.320930847981355,4.0,2,1,1,1,1.1604654239906775,0
14313.59094864566,2,56.545458623264025,36.363633101388785,4,3,3,1,2,2.0,4.0,3,0,1,0,1.0,0
2110.861172461082,2,31.11686491691399,18.0,4,2,2,1,3,2.9050977050901556,4.0,1,1,1,1,1.4525488525450778,0
1359.5341932143685,1,23.763401850626735,17.817009253133676,4,3,1,1,0,4.0,3.0,0,2,1,1,1.0,0
1437.6088518480524,1,30.90221296201311,16.0239833316236,4,0,2,1,2,3.5608851848052447,3.7804425924026224,3,2,1,0,1.7804425924026224,0
3052.4073385460415,2,21.350939976164614,37.63026050054309,6,3,1,2,0,3.2981200476707704,3.649060023835385,2,1,1,2,1.0,0
930.0437779792516,2,31.85288891988485,6.220666620172722,3,0,1,1,1,1.0,1.220666620172722,0,2,1,1,1.0,0
7093.556893333438,1,31.838699580949978,44.75804937142497,6,3,3,0,1,2.0806502095250106,2.6209753142875156,0,0,1,1,1.4596748952374947,0
1480.694608320236,0,23.34730416011806,10.34730416011806,6,3,2,0,1,1.5508986132939802,3.1017972265879603,2,1,1,1,1.0,0
1225.0602286198095,1,23.431439458086164,13.685605419138353,3,3,1,1,1,3.4314394580861647,3.5685605419138353,0,1,1,1,1.0,0
4006.8175102631667,1,44.96794077399346,27.93588154798692,3,3,2,1,0,2.0160296130032704,3.0,2,2,1,1,1.0,0
7140.8103772071945,1,50.91698644650393,49.47036250835017,2,3,2,1,2,4.0,3.122530209029181,3,1,1,0,1.8774697909708191,0
3195.9532790468497,1,23.86469820348069,18.811810779115877,5,3,1,1,3,2.2706035930386252,2.2706035930386252,0,1,1,1,1.0,0
774.4983608621529,1,56.95335779190172,12.0,6,2,2,2,2,3.0,4.0,2,3,0,1,1.0,0
730.168967186192,1,32.173312907949885,12.826687092050113,5,3,0,1,2,2.7244376359832954,4.0,1,2,1,1,1.0,0
657.9389790739634,1,26.424408370414614,9.59084686109452,4,3,2,1,0,2.6061020926036536,4.0,2,2,1,1,1.0,0
1120.270565189541,0,28.81803767930273,12.0,3,3,2,2,0,3.8180376793027313,4.0,0,2,1,1,1.1819623206972687,0
964.954034716372,1,28.713430319117926,20.28537212764717,4,3,1,1,0,2.380895354607862,2.142686063823585,1,2,0,0,1.0,0
1281.510139715831,1,32.31172927174397,23.59920522204347,6,2,2,1,0,2.0890655062125627,3.9554672468937184,0,2,1,0,1.0445327531062814,0
1936.5208296129515,1,31.852082961295146,23.112497767770886,5,2,1,1,1,2.8520829612951477,3.704165922590295,1,1,1,1,1.1479170387048525,0
945.0557154215228,3,35.56964427690346,21.08357313228415,4,2,3,1,2,2.7569644276903458,4.0,2,1,0,0,1.4860711446193082,0
8274.499243100061,1,34.17963920899964,31.398952944937705,4,3,3,1,1,3.022454901124955,2.0,1,0,1,0,1.5112274505624774,0
2020.6210303334988,1,21.646558275644207,24.0,6,3,1,1,1,2.0603251730673833,1.3534417243557946,2,1,1,1,1.0,0
1985.5577933473862,0,20.58794095639606,20.90955717297047,5,3,1,1,2,3.5879409563960625,2.0,2,2,1,2,1.2060295218019688,0
3093.3095757457754,1,22.736636356998712,24.491090904665807,5,3,1,1,0,2.163696968221936,2.918151515889032,1,1,1,1,1.0,0
2331.5318757201194,2,25.636052732648338,16.66963842320188,6,3,1,1,2,2.840986816837916,2.159013183162084,0,3,1,1,1.0,0
720.5150195559186,0,40.31579761990773,12.293229591468117,2,3,3,1,0,3.8533852042659413,4.0,2,2,0,1,1.0,0
1831.028313011056,1,27.445536769209443,31.663389692371673,6,3,0,1,0,2.7298466373687305,4.0,3,0,1,0,1.0,0
2443.7029049966914,1,33.61679264803192,23.170075588819152,5,3,0,1,2,3.585037794409576,4.0,0,1,1,1,1.0,0
1238.5363048508075,2,36.29043880646035,9.024203233871695,3,3,3,1,2,4.0,1.9757967661283042,0,2,1,0,1.0,0
1462.3524290408284,1,28.607928493195278,15.092510137024524,4,1,2,0,2,2.546255068512262,3.030836712341508,2,2,1,0,1.515418356170754,0
1309.0732208198722,0,26.983358904574512,10.006656438170195,4,3,1,0,0,3.9900153427447074,3.993343561829805,3,2,1,1,1.0,0
3032.5264498558167,2,21.02502376812814,44.47450086930907,6,3,1,2,0,3.9499524637437204,3.97497623187186,2,1,1,2,1.0,0
4105.813338027481,1,24.5798724424598,24.0,3,3,3,1,1,3.92100637787701,3.0,2,1,0,1,1.9210063778770101,0
3039.4753581558357,1,34.984340957128644,46.27130372337533,3,3,2,1,0,4.0,3.576232092208223,3,1,1,1,1.0,0
2110.843948993173,2,31.126194295364705,18.0,4,2,2,1,3,2.9036624160977373,4.0,1,1,1,1,1.4518312080488687,0
750.1771483987673,2,37.36817329300743,9.739592628395323,6,3,2,1,3,2.2465308761317746,3.2465308761317746,0,3,1,1,1.0,0
1481.757345867536,1,24.89320694607315,12.640758323561098,5,3,2,0,2,1.1601895808902745,2.1067930539268493,1,1,1,1,1.0533965269634247,0
4282.01925420031,1,24.082957587828638,32.04444918721003,3,1,2,2,0,3.9362966124806684,1.1911101625579952,0,0,1,1,1.9362966124806684,0
1489.4536315260177,2,27.887216690244674,11.03759443658511,4,2,2,0,2,1.6416037089432607,2.0,1,0,1,1,1.3208018544716302,0
4762.875064602088,1,29.521038905024234,20.98597406331718,3,1,1,1,0,4.0,2.251168828056902,0,2,0,1,1.2511688280569018,0
2768.163611253156,2,25.212538319074344,14.550459828892137,3,2,3,0,0,2.2125383190743446,1.3188074786115171,0,1,0,1,1.1062691595371723,0
948.8982137651521,2,27.175148852903984,12.0,3,2,1,2,0,3.649702294192034,4.0,0,1,0,1,3.824851147096017,0
1084.4897376388653,1,29.781080481904148,14.137296578284975,5,3,2,0,2,2.6437839036191706,4.0,1,1,1,1,1.6437839036191708,0
3572.373983522309,0,28.18110049404691,24.0,3,0,3,1,0,4.0,2.7047248764882728,3,1,0,1,1.2952751235117272,0
5252.9447805596365,1,35.06415546291536,29.036706073238815,2,1,0,1,0,2.6421959511741235,3.3578040488258765,2,0,1,1,2.0,0
943.3440618113759,2,28.91398454715603,9.703218543412763,3,1,1,2,0,2.8516092717063812,2.8516092717063812,0,1,0,1,2.8516092717063812,0
12627.356405439063,1,43.16089864023418,32.612557623736045,2,2,2,1,2,4.0,1.6774884752527912,3,0,1,0,1.0,0
3361.1298724165144,0,27.626773156414934,33.20079867311201,2,2,1,1,0,1.8133865782074676,3.6267731564149353,0,0,1,1,1.1866134217925324,0
1668.1267275731375,1,23.192082453457896,11.554462400266921,6,2,1,1,0,2.0,4.0,0,1,1,1,1.0,0
1344.4485503456258,1,25.84244295589306,17.763664433839587,6,3,1,1,2,2.9212214779465286,3.9212214779465286,2,1,0,1,1.0,0
898.6607918262414,1,32.689498619880986,20.837572611530582,4,1,4,0,0,3.054142462823139,4.0,1,1,0,1,1.0,0
8079.883200440512,1,25.090751222198243,36.0,2,1,2,1,1,2.0,2.909248777801756,0,0,1,1,1.909248777801756,0
2292.4979565604217,0,41.452247783536116,13.195095745012107,0,1,0,1,0,2.0995913120843426,4.0,2,0,1,1,1.9502043439578287,0
5204.713464276409,1,28.532482467701655,33.19489480620993,3,2,1,1,0,2.0,4.0,2,0,1,1,1.467517532298345,0
6227.006058665064,1,32.40544743045958,27.104391190147133,4,3,2,1,1,2.629349632922797,4.0,3,1,1,1,1.6853251835386014,0
12061.464892692891,2,38.45248384615126,27.285096923092453,4,1,2,0,0,3.2737580769243713,1.7262419230756287,3,0,1,0,1.7262419230756287,0
7943.817125018738,0,26.421074000299807,36.0,1,1,1,0,0,3.4210740002998055,4.0,2,1,1,1,2.0,0
1334.178894996714,2,28.35778999342785,10.410552501643037,6,3,1,1,0,1.5298158327856544,3.0596316655713087,3,0,1,1,1.5298158327856544,0
12947.427389793815,2,37.951324343771404,18.876161812114738,8,3,0,0,2,4.0,2.902648687542807,0,0,1,0,1.0,0
3380.471334182792,1,34.252882997674575,13.793080805581013,8,2,3,1,2,4.0,3.1494234004650843,3,1,1,0,1.0,0
2527.825214566205,1,33.43361942160679,25.69579757229915,5,1,2,2,0,2.8694682851339,4.0,3,3,1,1,2.0,0
3953.430804554849,1,37.66855830819886,28.773596095843523,4,1,3,1,2,4.0,2.0773596095843523,1,1,0,1,2.2817602602770988,0
1491.0698886365828,2,28.742882219367438,10.752372593544187,4,2,2,0,1,1.8317516043038755,2.0,1,0,1,1,1.4158758021519378,0
3512.45917246374,0,29.220642171536717,13.323853029220302,4,1,2,1,2,2.220642171536717,2.8896789142316415,0,1,1,1,2.0,0
1238.556558964675,2,36.45247171740027,9.037705976450024,3,3,3,1,2,4.0,1.962294023549977,0,2,1,0,1.0,0
3963.225559011241,1,31.41460514928056,16.81095386196042,4,1,3,1,2,3.2073025746402815,1.7926974253597188,0,1,0,1,2.2073025746402815,0
1951.6719326085815,1,58.432403043257814,34.937546086865304,0,3,3,1,1,3.911462173905442,4.0,2,0,1,0,1.0,0
3161.775497273412,1,26.409408769342885,22.13041503315923,4,3,1,1,2,2.688402505526539,2.0,0,1,1,1,1.0,0
1374.245855727599,1,35.75046047471122,14.994474303465397,4,3,2,0,0,2.750460474711217,2.499079050577566,0,1,1,1,1.0,0
2426.8106059067286,1,34.55674930569922,26.659504165804655,6,3,1,1,2,3.3351239585488357,4.0,0,1,1,1,1.0,0
2219.0325290174865,1,44.26939523730452,25.656383630309925,3,2,3,1,2,3.2043372023315326,3.2043372023315326,3,1,0,0,1.6021686011657663,0
4737.3475891949465,2,25.0,26.82993730938727,3,1,1,1,0,3.730482161010736,2.269517838989264,0,3,0,1,1.134758919494632,0
12462.745389451142,1,35.226055923855704,32.19869126540509,4,2,2,0,2,4.0,1.7602617469189827,3,0,1,0,1.0,0
1024.9128038885078,1,30.41103089219817,18.0,4,3,1,0,0,2.0,3.2233092676594515,0,1,1,1,1.0,0
1335.7424480214738,1,41.504119261014225,24.0,4,1,0,0,3,2.0,4.0,3,1,0,0,2.0,0
2761.9599433337257,1,25.015021249852882,12.060084999411533,3,2,4,0,0,2.005007083284294,1.0075106249264416,0,1,0,1,1.0,0
1084.1185006846588,1,29.809204493586464,14.171045392303753,5,3,2,0,2,2.6381591012827075,4.0,1,1,1,1,1.6381591012827077,0
3576.55179175481,0,28.53065509748945,25.481606941506328,5,3,3,2,0,4.0,2.0,2,1,1,1,1.7530655097489451,0
10969.208525477494,0,26.368574963269655,40.42289955923588,4,3,1,2,0,2.0,2.8942751101910305,1,0,0,1,2.0,0
1297.8687504308514,1,25.409821490121608,11.59017850987839,4,3,1,0,0,1.614732235182414,3.2049107450608045,0,1,1,1,1.0,0
2060.330460924369,1,25.944554683840614,18.0,4,3,2,1,3,3.300640625430516,2.049039061854226,1,1,0,1,1.0,0
1538.7228677412525,0,46.1215642225013,16.43921788874935,4,2,1,1,1,1.7803910556253246,4.0,2,2,1,0,1.2601303518751084,0
1959.823283501884,1,27.10089554039342,24.0,6,3,1,1,1,3.4453731326915076,3.1092537346169853,1,1,1,1,1.0,0
2039.0,1,21.73360678019083,23.20082034057249,5,3,1,1,1,1.3995898297137543,1.0,1,1,0,1,1.0,0
4426.147840012837,1,28.64225129472175,38.036623057917375,2,2,2,1,2,2.0,2.3394371763195627,1,0,1,1,2.0,0
1089.4923205334715,1,45.78005317526769,11.583759970362692,3,3,2,1,0,3.8612533234542306,4.0,3,1,0,0,2.0,0
2232.3111797432566,1,39.4531686161845,24.302112410789665,4,1,2,1,1,2.537764051348708,4.0,2,1,0,1,2.0,0
1216.1326887269183,1,26.184529446040607,18.0,3,3,1,1,0,3.0,4.0,0,1,1,1,1.0,0
4607.453638735651,0,27.271518314201806,30.82452885044051,6,3,2,1,1,4.0,2.1821204214495484,1,1,1,0,1.5910602107247742,0
3940.726948930301,1,42.56695920107019,46.283479600535095,4,3,2,1,1,3.7139132667558497,4.0,3,1,1,0,1.0,0
7828.054412146561,1,49.715947746360975,19.38911757068781,2,2,3,1,1,4.0,3.589493468295122,2,0,1,0,1.0,0
2266.625001790602,1,29.322674210395125,18.52906968415805,4,3,1,1,0,2.7354651579209754,3.2645348420790246,0,1,0,1,2.0,0
681.6862561588217,1,23.49375279946444,12.0,4,3,3,1,0,2.397501119785775,2.602498880214225,2,2,0,1,1.0,0
4775.247880641713,1,27.471651885215188,36.34921840174684,5,1,1,1,1,2.411941980869198,3.176116038261604,3,2,1,1,1.588058019130802,0
929.8311792951632,1,31.7808461178431,7.314923292941394,4,0,1,1,0,1.0730512940522998,1.219153882156899,0,2,1,1,1.0,0
9410.247489984686,1,27.787922251347442,36.0,9,2,1,1,0,4.0,1.1590583114894186,2,0,1,1,1.0530194371631394,0
2586.1128817168606,0,48.33545806023287,20.08306774247089,1,2,1,2,2,2.6112881716860725,4.0,3,2,0,0,1.3056440858430363,0
9282.610559888739,1,24.365686925629586,36.0,4,3,2,1,0,1.2742651942221885,1.9085782685926038,2,0,1,1,1.0,0
4163.281072264426,1,39.114084978406645,21.246654399292524,3,3,2,1,0,2.8196303111504153,2.3607393776991694,3,1,1,1,1.0,0
1197.0688477224019,1,56.313254742767114,23.47332210610959,3,1,4,1,0,4.0,3.648881404073059,2,2,1,1,1.8244407020365294,0
1444.7827138026528,1,31.536214366224552,17.602469456763902,4,0,2,0,2,3.801234728381951,3.867489818921301,2,2,1,0,1.9337449094606505,0
5209.37277965342,2,38.78906796135873,25.07455593068406,5,0,0,1,0,2.4690899113634233,3.5309100886365767,1,0,0,0,1.7654550443182884,0
1834.1052841537899,1,25.01569676923176,20.90581938460945,5,3,1,1,3,1.9843032307682416,2.9843032307682416,0,1,1,1,2.0,0
2761.2261869420763,1,52.75169563153773,25.124152184231136,0,2,4,1,0,2.5498869578974848,4.0,1,2,0,1,1.7250565210512576,0
6446.376315948649,0,44.53508764350046,26.302631465250695,2,0,4,1,2,3.723245617824977,2.5535087643500463,2,0,0,1,1.7232456178249769,0
770.8748962888084,1,60.81059427320395,12.0,6,2,2,2,2,3.0,4.0,2,3,0,1,1.0,0
4138.161228943263,1,23.84483686829791,27.379347473191643,3,3,3,1,1,3.436775421134726,3.281612289432637,3,1,0,1,1.718387710567363,0
4856.171373588254,1,47.87828651416818,17.853943817001813,4,1,3,1,1,4.0,3.0,3,1,1,1,2.0,0
1372.7766975014347,1,26.77669750143476,24.0,4,3,2,0,2,3.644660499713048,4.0,0,1,1,1,1.0,0
2149.3108861641695,1,27.44556917915197,17.59595095505291,5,0,2,1,2,1.3108861641696061,4.0,0,1,0,0,1.0,0
4153.4304812185665,0,41.78475939071655,18.0,2,3,2,1,0,2.9641265651194253,2.0,3,1,1,1,1.0358734348805747,0
1363.6438294132022,1,22.64259197821756,12.212959891087795,5,3,1,1,0,4.0,3.0,0,1,1,1,1.0,0
568.9348823160869,1,23.67940945121397,10.076456707283828,4,0,1,1,2,4.0,4.0,0,2,0,1,1.0,0
2635.419714380152,1,44.58560871002315,20.53031060006615,4,1,3,1,1,4.0,2.453031060006615,2,1,0,1,1.0,0
3890.6631884272365,1,31.97116572055494,34.60969375566259,1,3,2,1,1,3.188466288221975,3.5942331441109876,1,2,1,0,1.0,0
5165.403768726222,1,68.67261921079684,12.99553559190237,7,0,3,1,1,4.0,2.0,0,0,0,0,1.2219741995501316,0
1269.7220448063456,2,36.44408961269133,15.0,5,0,2,0,1,3.6348699446701898,2.8174349723350947,2,1,1,0,1.8174349723350949,0
637.3492233571039,2,23.38314861319041,12.0,2,1,1,1,2,1.0,4.0,0,1,1,1,1.0,0
2755.6277309209618,1,27.389600904639384,21.558403618557534,3,1,4,0,0,2.7965336348797947,2.194800452319692,1,1,0,1,1.0,0
12214.137669393569,1,37.72009757992373,27.76794145204576,7,3,2,1,2,1.3720097579923736,2.1160292739771203,0,1,1,0,1.0,0
2714.515177521216,1,40.26024190552469,36.0,3,2,4,1,0,2.147951618895063,2.147951618895063,3,1,0,1,1.0,0
7476.657573942919,0,52.24563168632779,31.331238200598015,8,0,0,0,2,1.1331238200598017,4.0,0,0,0,1,1.0,0
3345.067143348865,0,38.815355790620515,24.201430046595803,3,3,3,1,0,2.0,4.0,2,0,1,1,1.0,0
1986.2469646468064,0,20.784847041944722,22.386352814585422,5,3,1,1,2,3.7848470419447233,2.0,2,2,1,2,1.1075764790276383,0
11442.028102520062,2,23.787792303705768,28.726753822234606,8,3,2,1,0,3.606103848147116,1.0,0,0,0,1,2.0,0
2284.418520196725,1,34.418520196724785,15.249205629975092,2,2,0,1,0,2.5415342716625156,3.4584657283374844,1,0,1,1,2.0,0
5772.922814166756,1,25.324487450372878,57.8721338626893,4,2,2,1,0,2.441495816790959,2.8829916335819186,2,1,0,1,1.0,0
11895.629055085525,1,35.52697172832176,31.293359370524293,3,2,2,1,0,3.3473028271678236,2.0,3,0,1,1,2.0,0
1065.484014648676,1,29.63523020582015,16.90569061746045,4,1,3,1,3,3.0,3.182384897089925,3,1,0,1,2.0,0
1085.4729383816746,1,28.86642544685867,14.599276340576015,5,2,3,1,3,3.0,3.5667872765706643,3,1,0,1,2.0,0
7167.325414382456,0,29.005912780365783,41.147925240313526,5,2,2,0,0,3.142012459947745,3.71597508010451,0,0,1,1,1.142012459947745,0
1844.56367074863,0,23.234946519968464,44.84896295144885,5,3,2,1,2,4.0,4.0,3,1,1,0,1.0,0
747.7818474503185,1,27.44363050993629,14.007325410573376,3,3,0,1,3,1.4436305099362916,3.5563694900637084,0,2,1,1,1.0,0
1602.6862867241907,1,26.508242775406664,24.0,6,1,1,1,0,2.9967028898373345,4.0,1,3,0,2,1.0,0
1653.4591452746622,1,26.746506138575164,9.431500558052287,6,2,1,1,0,2.287667038701525,4.0,0,1,1,0,1.1438335193507625,0
1338.5470611279177,2,39.97433029386306,24.0,4,1,1,0,3,2.0,4.0,3,2,0,0,2.0,0
3898.045272368047,1,41.45452032662715,48.0,2,3,3,1,2,4.0,4.0,3,1,1,0,1.0,0
884.3965325577688,2,36.495665697210924,17.405201163346888,4,1,4,1,0,4.0,4.0,3,1,0,1,1.0,0
10137.474044432905,0,43.69193986962044,48.0,4,1,2,2,2,2.1232240521518224,2.1232240521518224,3,1,0,0,1.1232240521518224,0
